p1name,p1pos,p1type,p1team,p1icetime,p2name,p2pos,p2type,p2team,p2icetime,time
Chandler Stephenson,Center,Forward,54,964,Brendan Leipsic,Left Wing,Forward,0,566,120
Nick Suzuki,Center,Forward,8,1244,Phillip Danault,Center,Forward,8,1410,120
Alex Killorn,Left Wing,Forward,14,1249,Ondrej Palat,Left Wing,Forward,14,1169,120
Josh Anderson,Right Wing,Forward,8,418,Sonny Milano,Left Wing,Forward,24,782,120
Joakim Nordstrom,Center,Forward,20,608,Par Lindholm,Center,Forward,6,450,120
Frank Vatrano,Center,Forward,13,1079,Noel Acciari,Center,Forward,13,1115,120
Taylor Hall,Left Wing,Forward,7,1336,Clayton Keller,Right Wing,Forward,53,1256,121
Nate Thompson,Center,Forward,52,914,Dale Weise,Right Wing,Forward,0,214,121
Brayden Schenn,Center,Forward,19,1411,Tyler Bozak,Center,Forward,19,1050,121
Marcus Johansson,Center,Forward,30,1130,Casey Mittelstadt,Center,Forward,7,468,121
Aleksander Barkov,Center,Forward,13,1510,Brett Connolly,Right Wing,Forward,13,1035,122
Artem Anisimov,Center,Forward,9,695,Connor Brown,Right Wing,Forward,9,1518,122
Alex Chiasson,Right Wing,Forward,22,907,Jujhar Khaira,Left Wing,Forward,22,806,122
Miles Wood,Left Wing,Forward,1,902,Jesper Bratt,Left Wing,Forward,1,905,122
Teddy Blueger,Center,Forward,5,1208,Sam Lafferty,Center,Forward,5,497,122
Ondrej Kase,Right Wing,Forward,6,978,Max Comtois,Left Wing,Forward,24,415,122
Joel Armia,Right Wing,Forward,8,1092,Ilya Kovalchuk,Left Wing,Forward,0,856,122
Colin White,Center,Forward,9,991,Drake Batherson,Right Wing,Forward,9,374,122
Jimmy Vesey,Left Wing,Forward,10,915,Curtis Lazar,Center,Forward,7,450,122
Brendan Gallagher,Right Wing,Forward,8,999,Max Domi,Center,Forward,29,1394,122
Derick Brassard,Center,Forward,0,942,Josh Bailey,Right Wing,Forward,2,1202,122
Artturi Lehkonen,Left Wing,Forward,8,1113,Jordan Weal,Center,Forward,8,667,122
Christoffer Ehn,Center,Forward,0,562,Brendan Perlini,Left Wing,Forward,0,430,123
Luke Kunin,Center,Forward,18,1070,Mats Zuccarello,Right Wing,Forward,30,1071,123
Jason Spezza,Center,Forward,10,672,Pierre Engvall,Left Wing,Forward,10,573,123
Cody Eakin,Center,Forward,7,770,Jonathan Marchessault,Center,Forward,54,1279,123
Carl Hagelin,Left Wing,Forward,15,833,Nic Dowd,Center,Forward,15,623,123
Matt Nieto,Left Wing,Forward,28,1006,Joonas Donskoi,Right Wing,Forward,21,1075,123
Kasperi Kapanen,Right Wing,Forward,5,1141,Trevor Moore,Center,Forward,26,570,123
Adam Erne,Left Wing,Forward,17,667,Brendan Perlini,Left Wing,Forward,0,430,123
Barclay Goodrow,Center,Forward,14,1186,Logan Couture,Center,Forward,28,1064,123
Travis Konecny,Right Wing,Forward,4,1174,Morgan Frost,Center,Forward,4,299,123
Anthony Duclair,Left Wing,Forward,0,1154,Tyler Ennis,Center,Forward,22,1045,124
Jacob de la Rose,Left Wing,Forward,19,556,Ivan Barbashev,Center,Forward,19,932,124
Paul Stastny,Center,Forward,52,1338,Valentin Zykov,Left Wing,Forward,0,183,124
Sidney Crosby,Center,Forward,5,869,Jared McCann,Center,Forward,5,1091,124
Mikael Backlund,Center,Forward,20,1341,Derek Ryan,Center,Forward,20,1022,124
Frans Nielsen,Center,Forward,17,871,Brendan Perlini,Left Wing,Forward,0,430,124
Bobby Ryan,Right Wing,Forward,17,325,Chris Tierney,Center,Forward,9,1320,124
Mason Appleton,Center,Forward,52,519,Nicholas Shore,Center,Forward,0,593,124
Nick Suzuki,Center,Forward,8,1244,Nate Thompson,Center,Forward,52,914,124
Cody Eakin,Center,Forward,7,770,William Carrier,Left Wing,Forward,54,729,125
Boone Jenner,Center,Forward,29,1360,Cam Atkinson,Right Wing,Forward,29,880,125
Kasperi Kapanen,Right Wing,Forward,5,1141,Auston Matthews,Center,Forward,10,1602,125
Mike Hoffman,Left Wing,Forward,0,1218,Denis Malgin,Center,Forward,10,543,125
Isac Lundestrom,Center,Forward,24,240,Max Comtois,Left Wing,Forward,24,415,125
Andre Burakovsky,Left Wing,Forward,21,955,Tyson Jost,Center,Forward,21,870,125
Michael Frolik,Right Wing,Forward,0,709,Marcus Johansson,Center,Forward,30,1130,125
Denis Gurianov,Right Wing,Forward,25,872,Jamie Benn,Left Wing,Forward,25,1219,125
Warren Foegele,Left Wing,Forward,12,944,Lucas Wallmark,Center,Forward,16,886,125
Jeff Skinner,Left Wing,Forward,7,1003,Victor Olofsson,Left Wing,Forward,7,1082,125
Kevin Labanc,Right Wing,Forward,28,1221,Barclay Goodrow,Center,Forward,14,1186,125
John Hayden,Center,Forward,53,431,Miles Wood,Left Wing,Forward,1,902,125
Pierre-Luc Dubois,Center,Forward,29,1473,Alexandre Texier,Center,Forward,29,490,125
Nazem Kadri,Center,Forward,21,925,Tyson Jost,Center,Forward,21,870,126
Luke Witkowski,Right Wing,Forward,14,143,Pat Maroon,Left Wing,Forward,14,875,126
Tyler Toffoli,Right Wing,Forward,8,1231,Adrian Kempe,Center,Forward,26,1178,126
Sean Couturier,Center,Forward,4,1522,Joel Farabee,Left Wing,Forward,4,734,126
Teddy Blueger,Center,Forward,5,1208,Dominik Simon,Center,Forward,20,922,126
Reilly Smith,Right Wing,Forward,54,1319,Chandler Stephenson,Center,Forward,54,964,126
Patrick Kane,Right Wing,Forward,16,1646,Andrew Shaw,Right Wing,Forward,16,391,126
Nick Foligno,Left Wing,Forward,29,1401,Alexandre Texier,Center,Forward,29,490,126
Jakob Silfverberg,Right Wing,Forward,24,1315,Isac Lundestrom,Center,Forward,24,240,127
Jordan Staal,Center,Forward,12,1250,Justin Williams,Right Wing,Forward,0,272,127
Kyle Turris,Center,Forward,22,1008,Calle Jarnkrok,Center,Forward,18,1077,127
John Tavares,Center,Forward,10,1420,Andreas Johnsson,Left Wing,Forward,1,697,127
Brian Boyle,Center,Forward,0,511,Frank Vatrano,Center,Forward,13,1079,127
Barclay Goodrow,Center,Forward,14,1186,Tomas Hertl,Center,Forward,28,935,127
Alexander Steen,Left Wing,Forward,19,781,Ivan Barbashev,Center,Forward,19,932,127
Ryan Poehling,Center,Forward,8,279,Nate Thompson,Center,Forward,52,914,128
Ryan O'Reilly,Center,Forward,19,1681,Oskar Sundqvist,Center,Forward,19,820,128
Artem Anisimov,Center,Forward,9,695,Anthony Duclair,Left Wing,Forward,0,1154,128
Alex DeBrincat,Left Wing,Forward,16,1296,Ryan Carpenter,Center,Forward,16,1003,128
Teuvo Teravainen,Left Wing,Forward,12,1368,Ryan Dzingel,Center,Forward,12,937,128
Jay Beagle,Center,Forward,23,707,Loui Eriksson,Left Wing,Forward,23,641,129
Alexander Kerfoot,Center,Forward,10,1010,Trevor Moore,Center,Forward,26,570,129
Alexander Kerfoot,Center,Forward,10,1010,Jason Spezza,Center,Forward,10,672,129
Anthony Beauvillier,Left Wing,Forward,2,1389,Michael Dal Colle,Left Wing,Forward,2,644,129
Yanni Gourde,Center,Forward,14,1053,Brayden Point,Center,Forward,14,1394,129
Tyler Seguin,Center,Forward,25,1564,Denis Gurianov,Right Wing,Forward,25,872,129
Sammy Blais,Left Wing,Forward,19,503,Tyler Bozak,Center,Forward,19,1050,129
Kevin Hayes,Center,Forward,4,1304,Nicolas Aube-Kubel,Right Wing,Forward,4,406,130
Patrick Marleau,Center,Forward,28,1058,Kevin Labanc,Right Wing,Forward,28,1221,130
Wayne Simmonds,Right Wing,Forward,10,1020,Kyle Palmieri,Right Wing,Forward,1,1251,130
James van Riemsdyk,Left Wing,Forward,4,1036,Nicolas Aube-Kubel,Right Wing,Forward,4,406,130
Sammy Blais,Left Wing,Forward,19,503,David Perron,Left Wing,Forward,19,1475,130
Erik Haula,Left Wing,Forward,0,760,Nino Niederreiter,Right Wing,Forward,12,1059,130
Justin Abdelkader,Left Wing,Forward,0,579,Darren Helm,Left Wing,Forward,17,974,131
Brandon Sutter,Center,Forward,23,665,Jake Virtanen,Right Wing,Forward,23,938,131
Nathan MacKinnon,Center,Forward,21,1631,Valeri Nichushkin,Right Wing,Forward,21,948,131
Andrew Copp,Center,Forward,52,1138,Jansen Harkins,Center,Forward,52,311,132
Eric Staal,Center,Forward,7,1212,Jordan Greenway,Left Wing,Forward,30,984,133
Nick Paul,Left Wing,Forward,9,866,Anthony Duclair,Left Wing,Forward,0,1154,133
David Perron,Left Wing,Forward,19,1475,Tyler Bozak,Center,Forward,19,1050,133
Ivan Barbashev,Center,Forward,19,932,Tyler Bozak,Center,Forward,19,1050,133
Trevor Lewis,Center,Forward,0,673,Adrian Kempe,Center,Forward,26,1178,134
Ivan Barbashev,Center,Forward,19,932,Sammy Blais,Left Wing,Forward,19,503,134
Mikko Koivu,Center,Forward,29,856,Ryan Donato,Center,Forward,28,690,134
Zack Kassian,Right Wing,Forward,22,933,Ryan Nugent-Hopkins,Center,Forward,22,1436,134
Ilya Kovalchuk,Left Wing,Forward,0,856,Phillip Danault,Center,Forward,8,1410,134
Mitchell Marner,Right Wing,Forward,10,1468,Alexander Kerfoot,Center,Forward,10,1010,134
Josh Leivo,Left Wing,Forward,20,580,Jake Virtanen,Right Wing,Forward,23,938,134
Tyler Johnson,Center,Forward,14,991,Pat Maroon,Left Wing,Forward,14,875,135
Anders Bjork,Left Wing,Forward,6,768,Jake DeBrusk,Left Wing,Forward,6,1062,135
James van Riemsdyk,Left Wing,Forward,4,1036,Joel Farabee,Left Wing,Forward,4,734,135
Gaetan Haas,Center,Forward,22,578,Patrick Russell,Right Wing,Forward,22,526,135
Riley Nash,Center,Forward,29,784,Emil Bemstrom,Center,Forward,29,719,135
Connor Brown,Right Wing,Forward,9,1518,Colin White,Center,Forward,9,991,136
Gabriel Bourque,Left Wing,Forward,0,447,Mason Appleton,Center,Forward,52,519,136
Alex Galchenyuk,Left Wing,Forward,9,786,Brandon Tanev,Left Wing,Forward,5,1095,136
Nathan MacKinnon,Center,Forward,21,1631,Matt Calvert,Left Wing,Forward,21,743,136
Michael Frolik,Right Wing,Forward,0,709,Matthew Tkachuk,Left Wing,Forward,20,1429,137
William Carrier,Left Wing,Forward,54,729,Alex Tuch,Right Wing,Forward,54,631,137
Claude Giroux,Center,Forward,4,1389,Joel Farabee,Left Wing,Forward,4,734,137
Wayne Simmonds,Right Wing,Forward,10,1020,Blake Coleman,Center,Forward,14,1106,137
Jaden Schwartz,Left Wing,Forward,19,1342,Tyler Bozak,Center,Forward,19,1050,137
Victor Rask,Center,Forward,30,451,Marcus Foligno,Left Wing,Forward,30,874,137
Corey Perry,Right Wing,Forward,0,782,Mattias Janmark,Center,Forward,16,942,137
Victor Rask,Center,Forward,30,451,Ryan Donato,Center,Forward,28,690,137
Joe Thornton,Center,Forward,10,1206,Dylan Gambrell,Center,Forward,28,623,138
Andrew Cogliano,Center,Forward,25,859,Jason Dickinson,Center,Forward,25,992,138
Danton Heinen,Left Wing,Forward,24,986,Brad Marchand,Left Wing,Forward,6,1562,138
Valtteri Filppula,Center,Forward,17,1226,Brendan Perlini,Left Wing,Forward,0,430,138
Tanner Pearson,Left Wing,Forward,23,1154,Brandon Sutter,Center,Forward,23,665,138
Alex Nylander,Left Wing,Forward,16,821,David Kampf,Center,Forward,16,972,138
Anthony Cirelli,Center,Forward,14,1449,Yanni Gourde,Center,Forward,14,1053,139
Anders Lee,Left Wing,Forward,2,1373,Derick Brassard,Center,Forward,0,942,139
Andreas Athanasiou,Left Wing,Forward,0,910,Robby Fabbri,Center,Forward,17,1075,139
Jakub Voracek,Right Wing,Forward,4,1300,Joel Farabee,Left Wing,Forward,4,734,139
Joonas Donskoi,Right Wing,Forward,21,1075,Valeri Nichushkin,Right Wing,Forward,21,948,139
Ryan Getzlaf,Center,Forward,24,1440,Sonny Milano,Left Wing,Forward,24,782,139
Dylan Larkin,Center,Forward,17,1655,Luke Glendening,Center,Forward,17,948,139
Kyle Turris,Center,Forward,22,1008,Rocco Grimaldi,Right Wing,Forward,18,856,140
Justin Abdelkader,Left Wing,Forward,0,579,Jacob de la Rose,Left Wing,Forward,19,556,140
Alex Killorn,Left Wing,Forward,14,1249,Tyler Johnson,Center,Forward,14,991,140
Nick Bonino,Center,Forward,30,1187,Mikael Granlund,Center,Forward,0,1187,140
Zach Hyman,Left Wing,Forward,10,989,Alexander Kerfoot,Center,Forward,10,1010,140
Calle Jarnkrok,Center,Forward,18,1077,Colton Sissons,Center,Forward,18,868,140
Jack Hughes,Center,Forward,1,1150,Miles Wood,Left Wing,Forward,1,902,140
Anders Bjork,Left Wing,Forward,6,768,David Krejci,Center,Forward,6,1194,141
Valtteri Filppula,Center,Forward,17,1226,Anthony Mantha,Right Wing,Forward,17,881,141
Sammy Blais,Left Wing,Forward,19,503,Ryan O'Reilly,Center,Forward,19,1681,141
Evgeni Malkin,Center,Forward,5,1193,Dominik Kahun,Center,Forward,22,775,141
Ondrej Palat,Left Wing,Forward,14,1169,Yanni Gourde,Center,Forward,14,1053,141
Sebastian Aho,Center,Forward,12,1509,Martin Necas,Center,Forward,12,987,141
Brandon Sutter,Center,Forward,23,665,Josh Leivo,Left Wing,Forward,20,580,141
Ryan Strome,Center,Forward,3,1462,Brendan Lemieux,Left Wing,Forward,3,838,141
David Kampf,Center,Forward,16,972,Alex DeBrincat,Left Wing,Forward,16,1296,142
Artturi Lehkonen,Left Wing,Forward,8,1113,Jesperi Kotkaniemi,Center,Forward,8,468,142
David Perron,Left Wing,Forward,19,1475,Robert Thomas,Center,Forward,19,978,142
Vladimir Tarasenko,Right Wing,Forward,19,213,Jaden Schwartz,Left Wing,Forward,19,1342,142
Bobby Ryan,Right Wing,Forward,17,325,Brady Tkachuk,Left Wing,Forward,9,1566,142
Claude Giroux,Center,Forward,4,1389,Morgan Frost,Center,Forward,4,299,143
Boone Jenner,Center,Forward,29,1360,Sonny Milano,Left Wing,Forward,24,782,143
James Neal,Left Wing,Forward,22,934,Zack Kassian,Right Wing,Forward,22,933,143
Joakim Nygard,Left Wing,Forward,22,399,Alex Chiasson,Right Wing,Forward,22,907,143
Matt Nieto,Left Wing,Forward,28,1006,Valeri Nichushkin,Right Wing,Forward,21,948,143
Evgeni Malkin,Center,Forward,5,1193,Alex Galchenyuk,Left Wing,Forward,9,786,143
Valeri Nichushkin,Right Wing,Forward,21,948,Tyson Jost,Center,Forward,21,870,143
Alexander Radulov,Right Wing,Forward,25,1113,Roope Hintz,Left Wing,Forward,25,953,144
Boone Jenner,Center,Forward,29,1360,Nathan Gerbe,Center,Forward,29,430,144
Jeff Carter,Center,Forward,26,1091,Anze Kopitar,Center,Forward,26,1622,144
Jason Dickinson,Center,Forward,25,992,Jamie Benn,Left Wing,Forward,25,1219,144
Jesperi Kotkaniemi,Center,Forward,8,468,Joel Armia,Right Wing,Forward,8,1092,145
Calle Jarnkrok,Center,Forward,18,1077,Austin Watson,Left Wing,Forward,9,660,145
Bryan Rust,Right Wing,Forward,5,1215,Dominik Kahun,Center,Forward,22,775,145
Joe Thornton,Center,Forward,10,1206,Melker Karlsson,Center,Forward,0,766,145
Nicholas Shore,Center,Forward,0,593,Frederik Gauthier,Center,Forward,0,624,145
Tim Schaller,Left Wing,Forward,0,663,Tyler Motte,Center,Forward,23,451,145
Luke Glendening,Center,Forward,17,948,Adam Erne,Left Wing,Forward,17,667,146
Jaden Schwartz,Left Wing,Forward,19,1342,Jordan Kyrou,Center,Forward,19,305,146
Nick Foligno,Left Wing,Forward,29,1401,Josh Anderson,Right Wing,Forward,8,418,146
Ilya Mikheyev,Right Wing,Forward,10,608,John Tavares,Center,Forward,10,1420,146
Brayden Schenn,Center,Forward,19,1411,Vladimir Tarasenko,Right Wing,Forward,19,213,146
Kyle Turris,Center,Forward,22,1008,Viktor Arvidsson,Right Wing,Forward,18,1005,146
Adam Erne,Left Wing,Forward,17,667,Darren Helm,Left Wing,Forward,17,974,146
Nikita Gusev,Left Wing,Forward,1,1044,Jack Hughes,Center,Forward,1,1150,147
Joel Eriksson Ek,Center,Forward,30,1018,Zach Parise,Left Wing,Forward,30,1256,147
Jason Zucker,Left Wing,Forward,5,1014,Kevin Fiala,Left Wing,Forward,30,1063,147
Tyler Bozak,Center,Forward,19,1050,Ryan O'Reilly,Center,Forward,19,1681,147
Connor Brown,Right Wing,Forward,9,1518,Anthony Duclair,Left Wing,Forward,0,1154,147
Bryan Rust,Right Wing,Forward,5,1215,Sidney Crosby,Center,Forward,5,869,147
Loui Eriksson,Left Wing,Forward,23,641,Tim Schaller,Left Wing,Forward,0,663,147
Frederik Gauthier,Center,Forward,0,624,Jason Spezza,Center,Forward,10,672,147
Kevin Stenlund,Center,Forward,29,467,Gustav Nyquist,Center,Forward,29,1394,148
Par Lindholm,Center,Forward,6,450,Chris Wagner,Right Wing,Forward,6,859,148
Roope Hintz,Left Wing,Forward,25,953,Mattias Janmark,Center,Forward,16,942,148
Brayden Schenn,Center,Forward,19,1411,Jordan Kyrou,Center,Forward,19,305,148
Mark Jankowski,Center,Forward,5,650,Sam Bennett,Center,Forward,20,668,148
Anthony Mantha,Right Wing,Forward,17,881,Robby Fabbri,Center,Forward,17,1075,148
Tyler Ennis,Center,Forward,22,1045,Drake Batherson,Right Wing,Forward,9,374,149
Jordan Eberle,Right Wing,Forward,2,1085,Josh Bailey,Right Wing,Forward,2,1202,149
Jeff Carter,Center,Forward,26,1091,Kyle Clifford,Left Wing,Forward,19,793,149
Brad Richardson,Right Wing,Forward,18,805,Carl Soderberg,Center,Forward,0,1129,149
Logan Brown,Center,Forward,9,287,Anthony Duclair,Left Wing,Forward,0,1154,149
Andrew Mangiapane,Left Wing,Forward,20,968,Derek Ryan,Center,Forward,20,1022,150
Oskar Sundqvist,Center,Forward,19,820,Alexander Steen,Left Wing,Forward,19,781,150
Craig Smith,Right Wing,Forward,6,941,Mikael Granlund,Center,Forward,0,1187,150
Ryan Getzlaf,Center,Forward,24,1440,Devin Shore,Center,Forward,0,541,150
Frans Nielsen,Center,Forward,17,871,Valtteri Filppula,Center,Forward,17,1226,150
Joakim Nygard,Left Wing,Forward,22,399,Riley Sheahan,Center,Forward,0,875,150
Nick Foligno,Left Wing,Forward,29,1401,Riley Nash,Center,Forward,29,784,150
Jesper Fast,Right Wing,Forward,12,1165,Mika Zibanejad,Center,Forward,3,1311,150
Danton Heinen,Left Wing,Forward,24,986,Jake DeBrusk,Left Wing,Forward,6,1062,150
Rickard Rakell,Left Wing,Forward,24,1316,Max Jones,Left Wing,Forward,24,967,151
Nick Cousins,Center,Forward,18,883,Jesperi Kotkaniemi,Center,Forward,8,468,151
Mathew Barzal,Center,Forward,2,1473,Brock Nelson,Center,Forward,2,1524,151
Brett Howden,Center,Forward,3,949,Greg McKegg,Center,Forward,6,508,151
Jason Dickinson,Center,Forward,25,992,Joe Pavelski,Center,Forward,25,1250,151
Jay Beagle,Center,Forward,23,707,Brandon Sutter,Center,Forward,23,665,151
Josh Leivo,Left Wing,Forward,20,580,Adam Gaudette,Center,Forward,23,750,151
Tyler Bertuzzi,Left Wing,Forward,17,1416,Filip Zadina,Right Wing,Forward,17,430,152
Alex Ovechkin,Left Wing,Forward,15,1586,Jakub Vrana,Left Wing,Forward,15,1076,152
Michael Raffl,Left Wing,Forward,4,717,Jakub Voracek,Right Wing,Forward,4,1300,152
Zach Hyman,Left Wing,Forward,10,989,Kasperi Kapanen,Right Wing,Forward,5,1141,152
Alexander Steen,Left Wing,Forward,19,781,Ryan O'Reilly,Center,Forward,19,1681,152
Alex Nylander,Left Wing,Forward,16,821,Dylan Strome,Center,Forward,16,950,152
Pierre-Luc Dubois,Center,Forward,29,1473,Boone Jenner,Center,Forward,29,1360,152
Mark Stone,Right Wing,Forward,54,1449,Cody Glass,Center,Forward,54,572,153
Victor Olofsson,Left Wing,Forward,7,1082,Marcus Johansson,Center,Forward,30,1130,153
Nick Paul,Left Wing,Forward,9,866,Chris Tierney,Center,Forward,9,1320,153
Evander Kane,Left Wing,Forward,28,1367,Patrick Marleau,Center,Forward,28,1058,153
Mikael Backlund,Center,Forward,20,1341,Sam Bennett,Center,Forward,20,668,153
Max Pacioretty,Left Wing,Forward,54,1443,Reilly Smith,Right Wing,Forward,54,1319,153
Valtteri Filppula,Center,Forward,17,1226,Luke Glendening,Center,Forward,17,948,153
Brendan Lemieux,Left Wing,Forward,3,838,Greg McKegg,Center,Forward,6,508,153
Andreas Athanasiou,Left Wing,Forward,0,910,Luke Glendening,Center,Forward,17,948,154
Sam Gagner,Center,Forward,17,581,Gaetan Haas,Center,Forward,22,578,154
Mark Jankowski,Center,Forward,5,650,Michael Frolik,Right Wing,Forward,0,709,154
Rickard Rakell,Left Wing,Forward,24,1316,Troy Terry,Right Wing,Forward,24,756,154
Brandon Tanev,Left Wing,Forward,5,1095,Jared McCann,Center,Forward,5,1091,155
James van Riemsdyk,Left Wing,Forward,4,1036,Scott Laughton,Center,Forward,4,730,155
Logan Brown,Center,Forward,9,287,Brady Tkachuk,Left Wing,Forward,9,1566,155
Jordan Weal,Center,Forward,8,667,Nick Suzuki,Center,Forward,8,1244,155
Vladislav Kamenev,Center,Forward,21,360,Tyson Jost,Center,Forward,21,870,155
Kasperi Kapanen,Right Wing,Forward,5,1141,William Nylander,Right Wing,Forward,10,1310,155
Pavel Zacha,Center,Forward,1,1116,Nico Hischier,Center,Forward,1,1162,156
Derek Stepan,Center,Forward,53,1370,Christian Dvorak,Center,Forward,53,1248,156
Josh Archibald,Right Wing,Forward,22,853,Connor McDavid,Center,Forward,22,1516,156
Alex Galchenyuk,Left Wing,Forward,9,786,Jared McCann,Center,Forward,5,1091,157
Cam Atkinson,Right Wing,Forward,29,880,Alexandre Texier,Center,Forward,29,490,157
Boone Jenner,Center,Forward,29,1360,Emil Bemstrom,Center,Forward,29,719,158
Jamie Benn,Left Wing,Forward,25,1219,Roope Hintz,Left Wing,Forward,25,953,158
Brian Boyle,Center,Forward,0,511,Colton Sceviour,Center,Forward,5,924,158
Dominic Toninato,Center,Forward,52,517,Mike Hoffman,Left Wing,Forward,0,1218,160
Joonas Donskoi,Right Wing,Forward,21,1075,Tyson Jost,Center,Forward,21,870,160
Alex Killorn,Left Wing,Forward,14,1249,Mathieu Joseph,Right Wing,Forward,14,443,160
Andreas Johnsson,Left Wing,Forward,1,697,Mitchell Marner,Right Wing,Forward,10,1468,160
Alexander Kerfoot,Center,Forward,10,1010,Pierre Engvall,Left Wing,Forward,10,573,160
Ryan Getzlaf,Center,Forward,24,1440,Max Comtois,Left Wing,Forward,24,415,160
Steven Stamkos,Center,Forward,14,1136,Ondrej Palat,Left Wing,Forward,14,1169,160
Mattias Janmark,Center,Forward,16,942,Tyler Seguin,Center,Forward,25,1564,160
Nick Bonino,Center,Forward,30,1187,Austin Watson,Left Wing,Forward,9,660,161
Michael Frolik,Right Wing,Forward,0,709,Tobias Rieder,Center,Forward,7,629,161
Devin Shore,Center,Forward,0,541,Carter Rowney,Center,Forward,24,949,161
Brian Boyle,Center,Forward,0,511,Mike Hoffman,Left Wing,Forward,0,1218,161
Calle Jarnkrok,Center,Forward,18,1077,Filip Forsberg,Left Wing,Forward,18,1125,161
Valtteri Filppula,Center,Forward,17,1226,Darren Helm,Left Wing,Forward,17,974,161
Eric Robinson,Left Wing,Forward,29,595,Jakob Lilja,Left Wing,Forward,0,366,161
Markus Granlund,Center,Forward,0,383,Patrick Russell,Right Wing,Forward,22,526,162
Leo Komarov,Right Wing,Forward,2,606,Anthony Beauvillier,Left Wing,Forward,2,1389,162
Troy Terry,Right Wing,Forward,24,756,Max Jones,Left Wing,Forward,24,967,162
Jakub Voracek,Right Wing,Forward,4,1300,Oskar Lindblom,Left Wing,Forward,4,578,162
Vladimir Sobotka,Center,Forward,0,228,Jeff Skinner,Left Wing,Forward,7,1003,162
Ryan Reaves,Right Wing,Forward,54,774,Nicolas Roy,Center,Forward,54,320,163
Artemi Panarin,Left Wing,Forward,3,1568,Filip Chytil,Center,Forward,3,906,163
Tyler Toffoli,Right Wing,Forward,8,1231,Elias Pettersson,Center,Forward,23,1418,163
David Pastrnak,Right Wing,Forward,6,1531,Charlie Coyle,Center,Forward,6,1206,164
Andre Burakovsky,Left Wing,Forward,21,955,J.T. Compher,Center,Forward,21,1207,164
Anthony Cirelli,Center,Forward,14,1449,Mathieu Joseph,Right Wing,Forward,14,443,165
Cody Glass,Center,Forward,54,572,Alex Tuch,Right Wing,Forward,54,631,165
Darren Helm,Left Wing,Forward,17,974,Dylan Larkin,Center,Forward,17,1655,165
Adam Erne,Left Wing,Forward,17,667,Christoffer Ehn,Center,Forward,0,562,166
Gabriel Bourque,Left Wing,Forward,0,447,Adam Lowry,Center,Forward,52,790,166
Alex Nylander,Left Wing,Forward,16,821,Ryan Carpenter,Center,Forward,16,1003,166
Markus Granlund,Center,Forward,0,383,Gaetan Haas,Center,Forward,22,578,167
Pierre-Luc Dubois,Center,Forward,29,1473,Alexander Wennberg,Center,Forward,13,1055,167
Jeff Carter,Center,Forward,26,1091,Adrian Kempe,Center,Forward,26,1178,167
Phil Kessel,Right Wing,Forward,53,1290,Taylor Hall,Left Wing,Forward,7,1336,167
Michael Raffl,Left Wing,Forward,4,717,Nicolas Aube-Kubel,Right Wing,Forward,4,406,167
Jeff Carter,Center,Forward,26,1091,Blake Lizotte,Center,Forward,26,938,167
Mats Zuccarello,Right Wing,Forward,30,1071,Alex Galchenyuk,Left Wing,Forward,9,786,168
Colin White,Center,Forward,9,991,Artem Anisimov,Center,Forward,9,695,168
Tyler Toffoli,Right Wing,Forward,8,1231,J.T. Miller,Center,Forward,23,1586,168
Filip Zadina,Right Wing,Forward,17,430,Dylan Larkin,Center,Forward,17,1655,168
Anthony Mantha,Right Wing,Forward,17,881,Andreas Athanasiou,Left Wing,Forward,0,910,168
Tomas Hertl,Center,Forward,28,935,Patrick Marleau,Center,Forward,28,1058,168
Marcus Johansson,Center,Forward,30,1130,Vladimir Sobotka,Center,Forward,0,228,169
Travis Zajac,Center,Forward,1,1216,Wayne Simmonds,Right Wing,Forward,10,1020,169
Mika Zibanejad,Center,Forward,3,1311,Kaapo Kakko,Right Wing,Forward,3,960,169
Tyler Ennis,Center,Forward,22,1045,Vladislav Namestnikov,Center,Forward,17,1016,169
Mattias Janmark,Center,Forward,16,942,Radek Faksa,Center,Forward,25,1082,169
Patric Hornqvist,Right Wing,Forward,13,894,Dominik Kahun,Center,Forward,22,775,170
Nate Thompson,Center,Forward,52,914,Jordan Weal,Center,Forward,8,667,170
Jean-Gabriel Pageau,Center,Forward,2,1467,Vladislav Namestnikov,Center,Forward,17,1016,170
Evander Kane,Left Wing,Forward,28,1367,Joe Thornton,Center,Forward,10,1206,170
Brad Marchand,Left Wing,Forward,6,1562,Jake DeBrusk,Left Wing,Forward,6,1062,171
Jake DeBrusk,Left Wing,Forward,6,1062,Karson Kuhlman,Center,Forward,6,313,171
Kyle Connor,Left Wing,Forward,52,1618,Nikolaj Ehlers,Left Wing,Forward,52,1194,171
David Krejci,Center,Forward,6,1194,Karson Kuhlman,Center,Forward,6,313,172
Christian Fischer,Right Wing,Forward,53,623,Michael Grabner,Left Wing,Forward,0,569,172
Marcus Sorensen,Left Wing,Forward,28,937,Kevin Labanc,Right Wing,Forward,28,1221,172
Patrice Bergeron,Center,Forward,6,1294,Jake DeBrusk,Left Wing,Forward,6,1062,172
Ilya Kovalchuk,Left Wing,Forward,0,856,Nick Suzuki,Center,Forward,8,1244,172
Ryan Carpenter,Center,Forward,16,1003,David Kampf,Center,Forward,16,972,172
Melker Karlsson,Center,Forward,0,766,Stefan Noesen,Right Wing,Forward,28,480,172
Kirby Dach,Center,Forward,16,953,Ryan Carpenter,Center,Forward,16,1003,172
Nikolaj Ehlers,Left Wing,Forward,52,1194,Patrik Laine,Right Wing,Forward,52,1384,173
Mikko Rantanen,Right Wing,Forward,21,875,Andre Burakovsky,Left Wing,Forward,21,955,173
Jeff Carter,Center,Forward,26,1091,Nikolai Prokhorkin,Left Wing,Forward,0,527,173
Nathan MacKinnon,Center,Forward,21,1631,J.T. Compher,Center,Forward,21,1207,173
Max Pacioretty,Left Wing,Forward,54,1443,Jonathan Marchessault,Center,Forward,54,1279,174
Tyler Johnson,Center,Forward,14,991,Yanni Gourde,Center,Forward,14,1053,174
Charlie Coyle,Center,Forward,6,1206,Brett Ritchie,Right Wing,Forward,0,286,174
Nicholas Shore,Center,Forward,0,593,Gabriel Bourque,Left Wing,Forward,0,447,174
Tyler Motte,Center,Forward,23,451,Brandon Sutter,Center,Forward,23,665,174
Mattias Janmark,Center,Forward,16,942,Jason Dickinson,Center,Forward,25,992,175
Melker Karlsson,Center,Forward,0,766,Dylan Gambrell,Center,Forward,28,623,175
Dominik Simon,Center,Forward,20,922,Patric Hornqvist,Right Wing,Forward,13,894,175
Lars Eller,Center,Forward,15,1261,Garnet Hathaway,Right Wing,Forward,15,729,175
Brandon Saad,Left Wing,Forward,21,1094,David Kampf,Center,Forward,16,972,175
Ryan Getzlaf,Center,Forward,24,1440,Sam Steel,Center,Forward,24,1150,176
Brandon Saad,Left Wing,Forward,21,1094,Kirby Dach,Center,Forward,16,953,176
Brayden Point,Center,Forward,14,1394,Anthony Cirelli,Center,Forward,14,1449,176
Warren Foegele,Left Wing,Forward,12,944,Sebastian Aho,Center,Forward,12,1509,177
Gabriel Landeskog,Left Wing,Forward,21,1188,Joonas Donskoi,Right Wing,Forward,21,1075,177
Dustin Brown,Right Wing,Forward,26,1311,Jeff Carter,Center,Forward,26,1091,177
Pat Maroon,Left Wing,Forward,14,875,Alex Killorn,Left Wing,Forward,14,1249,177
Jansen Harkins,Center,Forward,52,311,Jack Roslovic,Center,Forward,52,1063,177
Marcus Sorensen,Left Wing,Forward,28,937,Patrick Marleau,Center,Forward,28,1058,177
Melker Karlsson,Center,Forward,0,766,Joel Kellman,Center,Forward,28,380,178
Jeff Skinner,Left Wing,Forward,7,1003,Evan Rodrigues,Center,Forward,5,531,178
Evgeni Malkin,Center,Forward,5,1193,Jared McCann,Center,Forward,5,1091,178
Steven Stamkos,Center,Forward,14,1136,Tyler Johnson,Center,Forward,14,991,178
Nicklas Backstrom,Center,Forward,15,1290,Evgeny Kuznetsov,Center,Forward,15,1268,178
Dryden Hunt,Left Wing,Forward,53,255,Noel Acciari,Center,Forward,13,1115,178
Adam Lowry,Center,Forward,52,790,Jack Roslovic,Center,Forward,52,1063,179
Conor Sheary,Left Wing,Forward,0,831,Jimmy Vesey,Left Wing,Forward,10,915,179
Ryan Carpenter,Center,Forward,16,1003,Brandon Saad,Left Wing,Forward,21,1094,179
Artem Anisimov,Center,Forward,9,695,Nick Paul,Left Wing,Forward,9,866,179
Miles Wood,Left Wing,Forward,1,902,Kevin Rooney,Center,Forward,3,595,179
Nikita Gusev,Left Wing,Forward,1,1044,Nico Hischier,Center,Forward,1,1162,179
Tobias Rieder,Center,Forward,7,629,Sam Bennett,Center,Forward,20,668,179
Tobias Rieder,Center,Forward,7,629,Derek Ryan,Center,Forward,20,1022,179
Cody Eakin,Center,Forward,7,770,Alex Tuch,Right Wing,Forward,54,631,179
Jonathan Drouin,Left Wing,Forward,8,443,Max Domi,Center,Forward,29,1394,179
Nick Ritchie,Left Wing,Forward,6,725,Sam Steel,Center,Forward,24,1150,179
Chris Kreider,Left Wing,Forward,3,1093,Kaapo Kakko,Right Wing,Forward,3,960,180
Tyler Bertuzzi,Left Wing,Forward,17,1416,Valtteri Filppula,Center,Forward,17,1226,180
Colin White,Center,Forward,9,991,Anthony Duclair,Left Wing,Forward,0,1154,180
Zack Smith,Center,Forward,16,600,Matthew Highmore,Center,Forward,16,353,180
Max Domi,Center,Forward,29,1394,Nick Cousins,Center,Forward,18,883,180
Alexander Wennberg,Center,Forward,13,1055,Emil Bemstrom,Center,Forward,29,719,181
Christian Fischer,Right Wing,Forward,53,623,Lawson Crouse,Left Wing,Forward,53,896,181
Dominik Kubalik,Left Wing,Forward,16,979,Drake Caggiula,Center,Forward,0,494,181
Frank Vatrano,Center,Forward,13,1079,Aleksander Barkov,Center,Forward,13,1510,182
Andre Burakovsky,Left Wing,Forward,21,955,Valeri Nichushkin,Right Wing,Forward,21,948,183
Tanner Pearson,Left Wing,Forward,23,1154,Adam Gaudette,Center,Forward,23,750,183
Kevin Fiala,Left Wing,Forward,30,1063,Ryan Donato,Center,Forward,28,690,183
Matt Calvert,Left Wing,Forward,21,743,Matt Nieto,Left Wing,Forward,28,1006,185
Oskar Sundqvist,Center,Forward,19,820,Mackenzie MacEachern,Left Wing,Forward,19,457,185
Jason Dickinson,Center,Forward,25,992,Blake Comeau,Left Wing,Forward,25,866,186
Colin White,Center,Forward,9,991,Vladislav Namestnikov,Center,Forward,17,1016,186
Sidney Crosby,Center,Forward,5,869,Evgeni Malkin,Center,Forward,5,1193,187
Brendan Lemieux,Left Wing,Forward,3,838,Pavel Buchnevich,Right Wing,Forward,3,1288,187
Calle Jarnkrok,Center,Forward,18,1077,Mikael Granlund,Center,Forward,0,1187,187
Vincent Trocheck,Center,Forward,12,1107,Jonathan Huberdeau,Left Wing,Forward,13,1401,187
Alexander Radulov,Right Wing,Forward,25,1113,Mattias Janmark,Center,Forward,16,942,188
Ilya Kovalchuk,Left Wing,Forward,0,856,Max Domi,Center,Forward,29,1394,188
Marcus Sorensen,Left Wing,Forward,28,937,Melker Karlsson,Center,Forward,0,766,188
Vladislav Namestnikov,Center,Forward,17,1016,Anthony Duclair,Left Wing,Forward,0,1154,188
Valtteri Filppula,Center,Forward,17,1226,Filip Zadina,Right Wing,Forward,17,430,188
Jonathan Huberdeau,Left Wing,Forward,13,1401,Noel Acciari,Center,Forward,13,1115,189
Barclay Goodrow,Center,Forward,14,1186,Marcus Sorensen,Left Wing,Forward,28,937,189
Marcus Sorensen,Left Wing,Forward,28,937,Dylan Gambrell,Center,Forward,28,623,189
Brad Marchand,Left Wing,Forward,6,1562,Charlie Coyle,Center,Forward,6,1206,189
Tyler Toffoli,Right Wing,Forward,8,1231,Blake Lizotte,Center,Forward,26,938,190
Ryan Strome,Center,Forward,3,1462,Kaapo Kakko,Right Wing,Forward,3,960,190
Brock Nelson,Center,Forward,2,1524,Michael Dal Colle,Left Wing,Forward,2,644,190
Michael Dal Colle,Left Wing,Forward,2,644,Derick Brassard,Center,Forward,0,942,190
Luke Kunin,Center,Forward,18,1070,Zach Parise,Left Wing,Forward,30,1256,191
Tyler Johnson,Center,Forward,14,991,Nikita Kucherov,Right Wing,Forward,14,1420,191
Valeri Nichushkin,Right Wing,Forward,21,948,Nazem Kadri,Center,Forward,21,925,191
Kyle Turris,Center,Forward,22,1008,Matt Duchene,Center,Forward,18,1222,192
Jacob de la Rose,Left Wing,Forward,19,556,Mackenzie MacEachern,Left Wing,Forward,19,457,192
Artem Anisimov,Center,Forward,9,695,Tyler Ennis,Center,Forward,22,1045,192
Cody Eakin,Center,Forward,7,770,Cody Glass,Center,Forward,54,572,192
Conor Sheary,Left Wing,Forward,0,831,Casey Mittelstadt,Center,Forward,7,468,193
Colton Sceviour,Center,Forward,5,924,Dryden Hunt,Left Wing,Forward,53,255,193
Josh Archibald,Right Wing,Forward,22,853,Jujhar Khaira,Left Wing,Forward,22,806,193
Max Jones,Left Wing,Forward,24,967,Ryan Getzlaf,Center,Forward,24,1440,193
Filip Chytil,Center,Forward,3,906,Brendan Lemieux,Left Wing,Forward,3,838,194
Joel Farabee,Left Wing,Forward,4,734,Scott Laughton,Center,Forward,4,730,194
Sam Gagner,Center,Forward,17,581,Alex Chiasson,Right Wing,Forward,22,907,194
Sonny Milano,Left Wing,Forward,24,782,Emil Bemstrom,Center,Forward,29,719,194
Austin Wagner,Left Wing,Forward,26,774,Michael Amadio,Center,Forward,26,892,195
Valtteri Filppula,Center,Forward,17,1226,Adam Erne,Left Wing,Forward,17,667,195
Nikita Kucherov,Right Wing,Forward,14,1420,Anthony Cirelli,Center,Forward,14,1449,195
Barclay Goodrow,Center,Forward,14,1186,Melker Karlsson,Center,Forward,0,766,196
Milan Lucic,Left Wing,Forward,20,952,Sam Bennett,Center,Forward,20,668,196
Vladislav Namestnikov,Center,Forward,17,1016,Artem Anisimov,Center,Forward,9,695,196
Claude Giroux,Center,Forward,4,1389,Kevin Hayes,Center,Forward,4,1304,197
Nino Niederreiter,Right Wing,Forward,12,1059,Lucas Wallmark,Center,Forward,16,886,197
Paul Byron,Left Wing,Forward,8,472,Max Domi,Center,Forward,29,1394,198
Corey Perry,Right Wing,Forward,0,782,Jamie Benn,Left Wing,Forward,25,1219,198
Brady Tkachuk,Left Wing,Forward,9,1566,Tyler Ennis,Center,Forward,22,1045,198
Danton Heinen,Left Wing,Forward,24,986,Anders Bjork,Left Wing,Forward,6,768,199
Pavel Zacha,Center,Forward,1,1116,Jack Hughes,Center,Forward,1,1150,200
Brian Boyle,Center,Forward,0,511,Brett Connolly,Right Wing,Forward,13,1035,200
Bryan Rust,Right Wing,Forward,5,1215,Jared McCann,Center,Forward,5,1091,200
Milan Lucic,Left Wing,Forward,20,952,Mikael Backlund,Center,Forward,20,1341,200
Jordan Weal,Center,Forward,8,667,Max Domi,Center,Forward,29,1394,200
Casey Mittelstadt,Center,Forward,7,468,Jimmy Vesey,Left Wing,Forward,10,915,201
Ryan Nugent-Hopkins,Center,Forward,22,1436,Jujhar Khaira,Left Wing,Forward,22,806,201
Jujhar Khaira,Left Wing,Forward,22,806,Patrick Russell,Right Wing,Forward,22,526,201
David Krejci,Center,Forward,6,1194,Charlie Coyle,Center,Forward,6,1206,201
Boone Jenner,Center,Forward,29,1360,Josh Anderson,Right Wing,Forward,8,418,201
Anders Lee,Left Wing,Forward,2,1373,Brock Nelson,Center,Forward,2,1524,201
Brett Howden,Center,Forward,3,949,Filip Chytil,Center,Forward,3,906,201
Jake Virtanen,Right Wing,Forward,23,938,Elias Pettersson,Center,Forward,23,1418,201
Ryan Getzlaf,Center,Forward,24,1440,Nick Ritchie,Left Wing,Forward,6,725,203
Carl Soderberg,Center,Forward,0,1129,Conor Garland,Right Wing,Forward,53,999,203
Michael Grabner,Left Wing,Forward,0,569,Vinnie Hinostroza,Right Wing,Forward,13,915,203
Marcus Foligno,Left Wing,Forward,30,874,Jordan Greenway,Left Wing,Forward,30,984,203
Tomas Tatar,Left Wing,Forward,8,1213,Max Domi,Center,Forward,29,1394,203
Paul Stastny,Center,Forward,52,1338,Cody Glass,Center,Forward,54,572,204
Travis Zajac,Center,Forward,1,1216,Miles Wood,Left Wing,Forward,1,902,204
Tyler Johnson,Center,Forward,14,991,Brayden Point,Center,Forward,14,1394,204
Jordan Martinook,Left Wing,Forward,12,507,Lucas Wallmark,Center,Forward,16,886,204
Ryan Hartman,Right Wing,Forward,30,853,Jordan Greenway,Left Wing,Forward,30,984,206
Josh Bailey,Right Wing,Forward,2,1202,Michael Dal Colle,Left Wing,Forward,2,644,206
Frans Nielsen,Center,Forward,17,871,Adam Erne,Left Wing,Forward,17,667,206
Jeff Carter,Center,Forward,26,1091,Michael Amadio,Center,Forward,26,892,206
Lawson Crouse,Left Wing,Forward,53,896,Vinnie Hinostroza,Right Wing,Forward,13,915,207
Jake Virtanen,Right Wing,Forward,23,938,J.T. Miller,Center,Forward,23,1586,207
Joel Armia,Right Wing,Forward,8,1092,Artturi Lehkonen,Left Wing,Forward,8,1113,207
William Karlsson,Center,Forward,54,1309,Mark Stone,Right Wing,Forward,54,1449,207
Riley Sheahan,Center,Forward,0,875,Patrick Russell,Right Wing,Forward,22,526,208
Dylan Larkin,Center,Forward,17,1655,Andreas Athanasiou,Left Wing,Forward,0,910,208
Casey Cizikas,Center,Forward,2,698,Leo Komarov,Right Wing,Forward,2,606,209
Mikael Backlund,Center,Forward,20,1341,Michael Frolik,Right Wing,Forward,0,709,209
Dominic Toninato,Center,Forward,52,517,Colton Sceviour,Center,Forward,5,924,209
Marcus Johansson,Center,Forward,30,1130,Conor Sheary,Left Wing,Forward,0,831,209
Oliver Bjorkstrand,Right Wing,Forward,29,916,Alexander Wennberg,Center,Forward,13,1055,209
Patrick Kane,Right Wing,Forward,16,1646,Dominik Kubalik,Left Wing,Forward,16,979,210
Tyler Seguin,Center,Forward,25,1564,Corey Perry,Right Wing,Forward,0,782,210
Max Pacioretty,Left Wing,Forward,54,1443,Cody Glass,Center,Forward,54,572,210
Gabriel Landeskog,Left Wing,Forward,21,1188,Nazem Kadri,Center,Forward,21,925,210
Cedric Paquette,Center,Forward,14,887,Alex Killorn,Left Wing,Forward,14,1249,211
Dylan Strome,Center,Forward,16,950,Kirby Dach,Center,Forward,16,953,211
Cody Eakin,Center,Forward,7,770,Mark Stone,Right Wing,Forward,54,1449,211
Mikko Rantanen,Right Wing,Forward,21,875,Nazem Kadri,Center,Forward,21,925,211
David Kampf,Center,Forward,16,972,Matthew Highmore,Center,Forward,16,353,212
Alex Ovechkin,Left Wing,Forward,15,1586,Lars Eller,Center,Forward,15,1261,212
Vladislav Namestnikov,Center,Forward,17,1016,Connor Brown,Right Wing,Forward,9,1518,212
Derek Ryan,Center,Forward,20,1022,Sam Bennett,Center,Forward,20,668,213
Barclay Goodrow,Center,Forward,14,1186,Patrick Marleau,Center,Forward,28,1058,214
Sidney Crosby,Center,Forward,5,869,Jason Zucker,Left Wing,Forward,5,1014,214
Vincent Trocheck,Center,Forward,12,1107,Frank Vatrano,Center,Forward,13,1079,214
Jesper Fast,Right Wing,Forward,12,1165,Brett Howden,Center,Forward,3,949,214
Chris Kreider,Left Wing,Forward,3,1093,Filip Chytil,Center,Forward,3,906,215
Cal Clutterbuck,Right Wing,Forward,2,526,Matt Martin,Left Wing,Forward,0,584,215
Nazem Kadri,Center,Forward,21,925,J.T. Compher,Center,Forward,21,1207,216
Adam Henrique,Center,Forward,24,1346,Max Jones,Left Wing,Forward,24,967,217
Sean Kuraly,Center,Forward,6,959,Anders Bjork,Left Wing,Forward,6,768,218
Jesper Bratt,Left Wing,Forward,1,905,Jack Hughes,Center,Forward,1,1150,218
Jakub Voracek,Right Wing,Forward,4,1300,James van Riemsdyk,Left Wing,Forward,4,1036,218
Clayton Keller,Right Wing,Forward,53,1256,Vinnie Hinostroza,Right Wing,Forward,13,915,218
Artemi Panarin,Left Wing,Forward,3,1568,Kaapo Kakko,Right Wing,Forward,3,960,218
Conor Sheary,Left Wing,Forward,0,831,Evan Rodrigues,Center,Forward,5,531,219
James van Riemsdyk,Left Wing,Forward,4,1036,Travis Konecny,Right Wing,Forward,4,1174,219
Tyler Pitlick,Center,Forward,53,769,Michael Raffl,Left Wing,Forward,4,717,219
Mikko Koivu,Center,Forward,29,856,Jason Zucker,Left Wing,Forward,5,1014,219
Josh Leivo,Left Wing,Forward,20,580,Bo Horvat,Center,Forward,23,1502,220
Mathieu Perreault,Left Wing,Forward,52,644,Jack Roslovic,Center,Forward,52,1063,221
Patrick Kane,Right Wing,Forward,16,1646,Alex Nylander,Left Wing,Forward,16,821,221
Michael Amadio,Center,Forward,26,892,Nikolai Prokhorkin,Left Wing,Forward,0,527,221
Justin Abdelkader,Left Wing,Forward,0,579,Christoffer Ehn,Center,Forward,0,562,222
Sam Reinhart,Center,Forward,7,1544,Marcus Johansson,Center,Forward,30,1130,222
Brad Marchand,Left Wing,Forward,6,1562,David Krejci,Center,Forward,6,1194,222
Nick Cousins,Center,Forward,18,883,Jordan Weal,Center,Forward,8,667,222
Luke Kunin,Center,Forward,18,1070,Marcus Foligno,Left Wing,Forward,30,874,223
Jaden Schwartz,Left Wing,Forward,19,1342,Robert Thomas,Center,Forward,19,978,223
Stefan Noesen,Right Wing,Forward,28,480,Joel Kellman,Center,Forward,28,380,223
Drake Caggiula,Center,Forward,0,494,Jonathan Toews,Center,Forward,16,1540,223
Joe Thornton,Center,Forward,10,1206,Barclay Goodrow,Center,Forward,14,1186,224
Bo Horvat,Center,Forward,23,1502,Jake Virtanen,Right Wing,Forward,23,938,224
Tyler Ennis,Center,Forward,22,1045,Chris Tierney,Center,Forward,9,1320,224
Logan Couture,Center,Forward,28,1064,Tomas Hertl,Center,Forward,28,935,225
Matt Nieto,Left Wing,Forward,28,1006,Tyson Jost,Center,Forward,21,870,225
Sam Reinhart,Center,Forward,7,1544,Jimmy Vesey,Left Wing,Forward,10,915,226
Jonathan Drouin,Left Wing,Forward,8,443,Joel Armia,Right Wing,Forward,8,1092,228
John Tavares,Center,Forward,10,1420,Kasperi Kapanen,Right Wing,Forward,5,1141,229
J.T. Compher,Center,Forward,21,1207,Valeri Nichushkin,Right Wing,Forward,21,948,229
Troy Terry,Right Wing,Forward,24,756,Sam Steel,Center,Forward,24,1150,230
Brayden Point,Center,Forward,14,1394,Alex Killorn,Left Wing,Forward,14,1249,231
Mikael Granlund,Center,Forward,0,1187,Ryan Johansen,Center,Forward,18,1240,231
Mathew Barzal,Center,Forward,2,1473,Anthony Beauvillier,Left Wing,Forward,2,1389,231
Kyle Connor,Left Wing,Forward,52,1618,Andrew Copp,Center,Forward,52,1138,231
Oskar Lindblom,Left Wing,Forward,4,578,Travis Konecny,Right Wing,Forward,4,1174,232
Jeff Skinner,Left Wing,Forward,7,1003,Conor Sheary,Left Wing,Forward,0,831,232
Zack Smith,Center,Forward,16,600,David Kampf,Center,Forward,16,972,232
Matt Calvert,Left Wing,Forward,21,743,Valeri Nichushkin,Right Wing,Forward,21,948,232
Rickard Rakell,Left Wing,Forward,24,1316,Sam Steel,Center,Forward,24,1150,233
Nico Hischier,Center,Forward,1,1162,Jack Hughes,Center,Forward,1,1150,233
Jordan Staal,Center,Forward,12,1250,Teuvo Teravainen,Left Wing,Forward,12,1368,233
Robert Thomas,Center,Forward,19,978,Alexander Steen,Left Wing,Forward,19,781,235
James van Riemsdyk,Left Wing,Forward,4,1036,Tyler Pitlick,Center,Forward,53,769,235
Sonny Milano,Left Wing,Forward,24,782,Pierre-Luc Dubois,Center,Forward,29,1473,235
Paul Stastny,Center,Forward,52,1338,Alex Tuch,Right Wing,Forward,54,631,236
Mitchell Stephens,Center,Forward,14,454,Yanni Gourde,Center,Forward,14,1053,236
Brandon Saad,Left Wing,Forward,21,1094,Alex Nylander,Left Wing,Forward,16,821,237
Brendan Lemieux,Left Wing,Forward,3,838,Kaapo Kakko,Right Wing,Forward,3,960,237
Tyler Seguin,Center,Forward,25,1564,Roope Hintz,Left Wing,Forward,25,953,237
Jared McCann,Center,Forward,5,1091,Dominik Simon,Center,Forward,20,922,238
Carter Verhaeghe,Center,Forward,13,487,Mitchell Stephens,Center,Forward,14,454,238
Frank Vatrano,Center,Forward,13,1079,Dominic Toninato,Center,Forward,52,517,238
Taylor Hall,Left Wing,Forward,7,1336,Jack Hughes,Center,Forward,1,1150,239
Noel Acciari,Center,Forward,13,1115,Brett Connolly,Right Wing,Forward,13,1035,239
Tanner Pearson,Left Wing,Forward,23,1154,Jake Virtanen,Right Wing,Forward,23,938,239
Jonathan Marchessault,Center,Forward,54,1279,Mark Stone,Right Wing,Forward,54,1449,240
Jeff Skinner,Left Wing,Forward,7,1003,Sam Reinhart,Center,Forward,7,1544,240
Gustav Nyquist,Center,Forward,29,1394,Alexander Wennberg,Center,Forward,13,1055,240
Jakob Silfverberg,Right Wing,Forward,24,1315,Max Jones,Left Wing,Forward,24,967,241
Brayden Schenn,Center,Forward,19,1411,Robert Thomas,Center,Forward,19,978,241
Marcus Johansson,Center,Forward,30,1130,Jack Eichel,Center,Forward,7,1724,242
Yanni Gourde,Center,Forward,14,1053,Carter Verhaeghe,Center,Forward,13,487,242
Jimmy Vesey,Left Wing,Forward,10,915,Jack Eichel,Center,Forward,7,1724,243
Corey Perry,Right Wing,Forward,0,782,Roope Hintz,Left Wing,Forward,25,953,243
James Neal,Left Wing,Forward,22,934,Leon Draisaitl,Center,Forward,22,1829,243
Nick Suzuki,Center,Forward,8,1244,Nick Cousins,Center,Forward,18,883,243
Scott Laughton,Center,Forward,4,730,Tyler Pitlick,Center,Forward,53,769,243
Gabriel Landeskog,Left Wing,Forward,21,1188,J.T. Compher,Center,Forward,21,1207,243
Ondrej Kase,Right Wing,Forward,6,978,Adam Henrique,Center,Forward,24,1346,243
Mikael Backlund,Center,Forward,20,1341,Sean Monahan,Center,Forward,20,1364,244
Jordan Eberle,Right Wing,Forward,2,1085,Brock Nelson,Center,Forward,2,1524,245
Alex Chiasson,Right Wing,Forward,22,907,Leon Draisaitl,Center,Forward,22,1829,246
Brett Connolly,Right Wing,Forward,13,1035,Frank Vatrano,Center,Forward,13,1079,246
Miles Wood,Left Wing,Forward,1,902,Pavel Zacha,Center,Forward,1,1116,248
Timo Meier,Right Wing,Forward,28,1210,Tomas Hertl,Center,Forward,28,935,248
Sidney Crosby,Center,Forward,5,869,Patric Hornqvist,Right Wing,Forward,13,894,248
Pierre-Luc Dubois,Center,Forward,29,1473,Emil Bemstrom,Center,Forward,29,719,249
Mikko Koivu,Center,Forward,29,856,Ryan Hartman,Right Wing,Forward,30,853,249
Ryan Strome,Center,Forward,3,1462,Mika Zibanejad,Center,Forward,3,1311,249
Phil Kessel,Right Wing,Forward,53,1290,Nick Schmaltz,Center,Forward,53,1172,250
Jordan Martinook,Left Wing,Forward,12,507,Brock McGinn,Left Wing,Forward,12,898,250
Adrian Kempe,Center,Forward,26,1178,Dustin Brown,Right Wing,Forward,26,1311,250
Brock McGinn,Left Wing,Forward,12,898,Lucas Wallmark,Center,Forward,16,886,250
Corey Perry,Right Wing,Forward,0,782,Denis Gurianov,Right Wing,Forward,25,872,250
Adrian Kempe,Center,Forward,26,1178,Alex Iafallo,Left Wing,Forward,26,1398,250
Kyle Palmieri,Right Wing,Forward,1,1251,Jesper Bratt,Left Wing,Forward,1,905,250
Zack Smith,Center,Forward,16,600,Ryan Carpenter,Center,Forward,16,1003,251
William Nylander,Right Wing,Forward,10,1310,Mitchell Marner,Right Wing,Forward,10,1468,251
Nicklas Backstrom,Center,Forward,15,1290,Jakub Vrana,Left Wing,Forward,15,1076,252
Pierre Engvall,Left Wing,Forward,10,573,Kasperi Kapanen,Right Wing,Forward,5,1141,252
Nikita Gusev,Left Wing,Forward,1,1044,Jesper Bratt,Left Wing,Forward,1,905,252
Tyler Bertuzzi,Left Wing,Forward,17,1416,Andreas Athanasiou,Left Wing,Forward,0,910,252
Nikita Kucherov,Right Wing,Forward,14,1420,Alex Killorn,Left Wing,Forward,14,1249,255
Zach Sanford,Left Wing,Forward,19,831,Robert Thomas,Center,Forward,19,978,255
Michael Amadio,Center,Forward,26,892,Tyler Toffoli,Right Wing,Forward,8,1231,255
Patric Hornqvist,Right Wing,Forward,13,894,Bryan Rust,Right Wing,Forward,5,1215,256
Kyle Clifford,Left Wing,Forward,19,793,Michael Amadio,Center,Forward,26,892,256
Frederik Gauthier,Center,Forward,0,624,Dmytro Timashov,Left Wing,Forward,17,390,256
Trevor Lewis,Center,Forward,0,673,Michael Amadio,Center,Forward,26,892,257
Tanner Pearson,Left Wing,Forward,23,1154,Josh Leivo,Left Wing,Forward,20,580,257
Brad Richardson,Right Wing,Forward,18,805,Vinnie Hinostroza,Right Wing,Forward,13,915,257
Frank Vatrano,Center,Forward,13,1079,Denis Malgin,Center,Forward,10,543,257
Jason Dickinson,Center,Forward,25,992,Corey Perry,Right Wing,Forward,0,782,257
Victor Rask,Center,Forward,30,451,Ryan Hartman,Right Wing,Forward,30,853,257
Tomas Tatar,Left Wing,Forward,8,1213,Nick Suzuki,Center,Forward,8,1244,257
David Pastrnak,Right Wing,Forward,6,1531,Jake DeBrusk,Left Wing,Forward,6,1062,258
Marcus Foligno,Left Wing,Forward,30,874,Ryan Hartman,Right Wing,Forward,30,853,258
Nick Foligno,Left Wing,Forward,29,1401,Cam Atkinson,Right Wing,Forward,29,880,259
Anze Kopitar,Center,Forward,26,1622,Adrian Kempe,Center,Forward,26,1178,259
Patrick Marleau,Center,Forward,28,1058,Logan Couture,Center,Forward,28,1064,259
Joe Thornton,Center,Forward,10,1206,Patrick Marleau,Center,Forward,28,1058,259
Connor McDavid,Center,Forward,22,1516,Alex Chiasson,Right Wing,Forward,22,907,260
Jakub Voracek,Right Wing,Forward,4,1300,Kevin Hayes,Center,Forward,4,1304,260
Carl Soderberg,Center,Forward,0,1129,Christian Fischer,Right Wing,Forward,53,623,260
Tom Wilson,Right Wing,Forward,15,1389,Jakub Vrana,Left Wing,Forward,15,1076,262
Johnny Gaudreau,Left Wing,Forward,20,1391,Mikael Backlund,Center,Forward,20,1341,263
Christian Dvorak,Center,Forward,53,1248,Clayton Keller,Right Wing,Forward,53,1256,264
Carl Soderberg,Center,Forward,0,1129,Clayton Keller,Right Wing,Forward,53,1256,264
Tom Wilson,Right Wing,Forward,15,1389,Lars Eller,Center,Forward,15,1261,264
Adam Henrique,Center,Forward,24,1346,Nick Ritchie,Left Wing,Forward,6,725,264
Antoine Roussel,Left Wing,Forward,23,492,Jake Virtanen,Right Wing,Forward,23,938,264
Jay Beagle,Center,Forward,23,707,Tyler Motte,Center,Forward,23,451,265
Nate Thompson,Center,Forward,52,914,Nick Cousins,Center,Forward,18,883,266
David Krejci,Center,Forward,6,1194,Danton Heinen,Left Wing,Forward,24,986,266
Jaden Schwartz,Left Wing,Forward,19,1342,David Perron,Left Wing,Forward,19,1475,267
Gustav Nyquist,Center,Forward,29,1394,Nick Foligno,Left Wing,Forward,29,1401,267
Riley Nash,Center,Forward,29,784,Jakob Lilja,Left Wing,Forward,0,366,267
Dominik Kubalik,Left Wing,Forward,16,979,David Kampf,Center,Forward,16,972,268
Patrick Kane,Right Wing,Forward,16,1646,Ryan Carpenter,Center,Forward,16,1003,269
Brandon Saad,Left Wing,Forward,21,1094,Dominik Kubalik,Left Wing,Forward,16,979,270
Mike Hoffman,Left Wing,Forward,0,1218,Brett Connolly,Right Wing,Forward,13,1035,270
Jonathan Toews,Center,Forward,16,1540,Alex Nylander,Left Wing,Forward,16,821,271
Joe Pavelski,Center,Forward,25,1250,Denis Gurianov,Right Wing,Forward,25,872,272
Anders Lee,Left Wing,Forward,2,1373,Josh Bailey,Right Wing,Forward,2,1202,272
Patrick Kane,Right Wing,Forward,16,1646,Kirby Dach,Center,Forward,16,953,272
Matt Martin,Left Wing,Forward,0,584,Leo Komarov,Right Wing,Forward,2,606,272
Alexander Wennberg,Center,Forward,13,1055,Nick Foligno,Left Wing,Forward,29,1401,274
Trevor Lewis,Center,Forward,0,673,Kyle Clifford,Left Wing,Forward,19,793,274
Evander Kane,Left Wing,Forward,28,1367,Timo Meier,Right Wing,Forward,28,1210,277
Nino Niederreiter,Right Wing,Forward,12,1059,Jordan Staal,Center,Forward,12,1250,277
Alexander Kerfoot,Center,Forward,10,1010,Ilya Mikheyev,Right Wing,Forward,10,608,277
Phillip Danault,Center,Forward,8,1410,Artturi Lehkonen,Left Wing,Forward,8,1113,278
Gustav Nyquist,Center,Forward,29,1394,Cam Atkinson,Right Wing,Forward,29,880,279
Kyle Turris,Center,Forward,22,1008,Filip Forsberg,Left Wing,Forward,18,1125,279
Joe Pavelski,Center,Forward,25,1250,Jamie Benn,Left Wing,Forward,25,1219,279
Brandon Saad,Left Wing,Forward,21,1094,Patrick Kane,Right Wing,Forward,16,1646,279
Troy Terry,Right Wing,Forward,24,756,Ryan Getzlaf,Center,Forward,24,1440,280
Alex Iafallo,Left Wing,Forward,26,1398,Tyler Toffoli,Right Wing,Forward,8,1231,280
Troy Terry,Right Wing,Forward,24,756,Nick Ritchie,Left Wing,Forward,6,725,280
Jimmy Vesey,Left Wing,Forward,10,915,Marcus Johansson,Center,Forward,30,1130,280
Ryan Getzlaf,Center,Forward,24,1440,Jakob Silfverberg,Right Wing,Forward,24,1315,280
Mark Scheifele,Center,Forward,52,1671,Nikolaj Ehlers,Left Wing,Forward,52,1194,281
Mark Stone,Right Wing,Forward,54,1449,Chandler Stephenson,Center,Forward,54,964,282
James Neal,Left Wing,Forward,22,934,Alex Chiasson,Right Wing,Forward,22,907,282
Zach Parise,Left Wing,Forward,30,1256,Mats Zuccarello,Right Wing,Forward,30,1071,282
Max Jones,Left Wing,Forward,24,967,Ondrej Kase,Right Wing,Forward,6,978,282
John Hayden,Center,Forward,53,431,Kevin Rooney,Center,Forward,3,595,282
Denis Gurianov,Right Wing,Forward,25,872,Roope Hintz,Left Wing,Forward,25,953,283
Chandler Stephenson,Center,Forward,54,964,Max Pacioretty,Left Wing,Forward,54,1443,283
Luke Glendening,Center,Forward,17,948,Frans Nielsen,Center,Forward,17,871,283
Lucas Wallmark,Center,Forward,16,886,Ryan Dzingel,Center,Forward,12,937,284
Nick Bonino,Center,Forward,30,1187,Colton Sissons,Center,Forward,18,868,284
Joonas Donskoi,Right Wing,Forward,21,1075,J.T. Compher,Center,Forward,21,1207,286
Boone Jenner,Center,Forward,29,1360,Oliver Bjorkstrand,Right Wing,Forward,29,916,287
Jake Guentzel,Left Wing,Forward,5,885,Dominik Simon,Center,Forward,20,922,287
Jakob Silfverberg,Right Wing,Forward,24,1315,Sam Steel,Center,Forward,24,1150,287
Ryan Getzlaf,Center,Forward,24,1440,Ondrej Kase,Right Wing,Forward,6,978,287
Jean-Gabriel Pageau,Center,Forward,2,1467,Anthony Duclair,Left Wing,Forward,0,1154,288
Nikita Gusev,Left Wing,Forward,1,1044,Pavel Zacha,Center,Forward,1,1116,288
Alex Chiasson,Right Wing,Forward,22,907,Gaetan Haas,Center,Forward,22,578,289
Mackenzie MacEachern,Left Wing,Forward,19,457,Ivan Barbashev,Center,Forward,19,932,289
Nathan MacKinnon,Center,Forward,21,1631,Nazem Kadri,Center,Forward,21,925,290
Vincent Trocheck,Center,Forward,12,1107,Noel Acciari,Center,Forward,13,1115,290
Jeff Skinner,Left Wing,Forward,7,1003,Jack Eichel,Center,Forward,7,1724,290
Chris Kreider,Left Wing,Forward,3,1093,Ryan Strome,Center,Forward,3,1462,290
Valtteri Filppula,Center,Forward,17,1226,Robby Fabbri,Center,Forward,17,1075,290
Andrew Copp,Center,Forward,52,1138,Nikolaj Ehlers,Left Wing,Forward,52,1194,292
Adam Henrique,Center,Forward,24,1346,Troy Terry,Right Wing,Forward,24,756,293
Logan Couture,Center,Forward,28,1064,Timo Meier,Right Wing,Forward,28,1210,293
Matt Duchene,Center,Forward,18,1222,Viktor Arvidsson,Right Wing,Forward,18,1005,293
Ryan Donato,Center,Forward,28,690,Ryan Hartman,Right Wing,Forward,30,853,294
Chris Tierney,Center,Forward,9,1320,Brady Tkachuk,Left Wing,Forward,9,1566,295
Lucas Wallmark,Center,Forward,16,886,Martin Necas,Center,Forward,12,987,296
Taylor Hall,Left Wing,Forward,7,1336,Nico Hischier,Center,Forward,1,1162,296
Pavel Buchnevich,Right Wing,Forward,3,1288,Ryan Strome,Center,Forward,3,1462,296
Nazem Kadri,Center,Forward,21,925,Joonas Donskoi,Right Wing,Forward,21,1075,297
Logan Couture,Center,Forward,28,1064,Kevin Labanc,Right Wing,Forward,28,1221,299
Cam Atkinson,Right Wing,Forward,29,880,Alexander Wennberg,Center,Forward,13,1055,299
Lars Eller,Center,Forward,15,1261,T.J. Oshie,Right Wing,Forward,15,1378,299
Patric Hornqvist,Right Wing,Forward,13,894,Jared McCann,Center,Forward,5,1091,300
Darren Helm,Left Wing,Forward,17,974,Frans Nielsen,Center,Forward,17,871,300
Wayne Simmonds,Right Wing,Forward,10,1020,Miles Wood,Left Wing,Forward,1,902,302
Andrew Copp,Center,Forward,52,1138,Mathieu Perreault,Left Wing,Forward,52,644,302
Nick Ritchie,Left Wing,Forward,6,725,Ondrej Kase,Right Wing,Forward,6,978,303
Filip Forsberg,Left Wing,Forward,18,1125,Viktor Arvidsson,Right Wing,Forward,18,1005,304
Tobias Rieder,Center,Forward,7,629,Mark Jankowski,Center,Forward,5,650,305
Artturi Lehkonen,Left Wing,Forward,8,1113,Nick Suzuki,Center,Forward,8,1244,305
Oliver Bjorkstrand,Right Wing,Forward,29,916,Nick Foligno,Left Wing,Forward,29,1401,305
Phil Kessel,Right Wing,Forward,53,1290,Lawson Crouse,Left Wing,Forward,53,896,306
Carl Soderberg,Center,Forward,0,1129,Phil Kessel,Right Wing,Forward,53,1290,306
Jason Spezza,Center,Forward,10,672,Kasperi Kapanen,Right Wing,Forward,5,1141,306
Kyle Turris,Center,Forward,22,1008,Craig Smith,Right Wing,Forward,6,941,307
Timo Meier,Right Wing,Forward,28,1210,Kevin Labanc,Right Wing,Forward,28,1221,308
Riley Sheahan,Center,Forward,0,875,Jujhar Khaira,Left Wing,Forward,22,806,311
Barclay Goodrow,Center,Forward,14,1186,Timo Meier,Right Wing,Forward,28,1210,311
Mathieu Perreault,Left Wing,Forward,52,644,Adam Lowry,Center,Forward,52,790,312
Elias Pettersson,Center,Forward,23,1418,Bo Horvat,Center,Forward,23,1502,312
Pavel Buchnevich,Right Wing,Forward,3,1288,Filip Chytil,Center,Forward,3,906,313
Jason Dickinson,Center,Forward,25,992,Denis Gurianov,Right Wing,Forward,25,872,313
Andrew Mangiapane,Left Wing,Forward,20,968,Elias Lindholm,Center,Forward,20,1531,314
Chris Tierney,Center,Forward,9,1320,Vladislav Namestnikov,Center,Forward,17,1016,314
Mikko Koivu,Center,Forward,29,856,Kevin Fiala,Left Wing,Forward,30,1063,316
Brayden Schenn,Center,Forward,19,1411,David Perron,Left Wing,Forward,19,1475,316
Mike Hoffman,Left Wing,Forward,0,1218,Vincent Trocheck,Center,Forward,12,1107,316
Matt Nieto,Left Wing,Forward,28,1006,J.T. Compher,Center,Forward,21,1207,316
Alexander Kerfoot,Center,Forward,10,1010,John Tavares,Center,Forward,10,1420,317
Calle Jarnkrok,Center,Forward,18,1077,Matt Duchene,Center,Forward,18,1222,317
Matt Duchene,Center,Forward,18,1222,Ryan Johansen,Center,Forward,18,1240,319
Brett Howden,Center,Forward,3,949,Brendan Lemieux,Left Wing,Forward,3,838,320
Adam Henrique,Center,Forward,24,1346,Ryan Getzlaf,Center,Forward,24,1440,320
Sean Monahan,Center,Forward,20,1364,Matthew Tkachuk,Left Wing,Forward,20,1429,320
Nick Paul,Left Wing,Forward,9,866,Jean-Gabriel Pageau,Center,Forward,2,1467,321
Andrew Copp,Center,Forward,52,1138,Jack Roslovic,Center,Forward,52,1063,324
Sidney Crosby,Center,Forward,5,869,Jake Guentzel,Left Wing,Forward,5,885,326
Johnny Gaudreau,Left Wing,Forward,20,1391,Matthew Tkachuk,Left Wing,Forward,20,1429,326
Evander Kane,Left Wing,Forward,28,1367,Barclay Goodrow,Center,Forward,14,1186,327
Reilly Smith,Right Wing,Forward,54,1319,Paul Stastny,Center,Forward,52,1338,327
Christian Fischer,Right Wing,Forward,53,623,Brad Richardson,Right Wing,Forward,18,805,327
Eric Robinson,Left Wing,Forward,29,595,Riley Nash,Center,Forward,29,784,327
Loui Eriksson,Left Wing,Forward,23,641,Tanner Pearson,Left Wing,Forward,23,1154,327
Connor McDavid,Center,Forward,22,1516,Ryan Nugent-Hopkins,Center,Forward,22,1436,330
Patrick Marleau,Center,Forward,28,1058,Timo Meier,Right Wing,Forward,28,1210,330
Kevin Hayes,Center,Forward,4,1304,James van Riemsdyk,Left Wing,Forward,4,1036,330
Nino Niederreiter,Right Wing,Forward,12,1059,Martin Necas,Center,Forward,12,987,330
Alexander Kerfoot,Center,Forward,10,1010,William Nylander,Right Wing,Forward,10,1310,330
Lars Eller,Center,Forward,15,1261,Richard Panik,Right Wing,Forward,15,671,331
Pavel Zacha,Center,Forward,1,1116,Jesper Bratt,Left Wing,Forward,1,905,334
Derek Grant,Center,Forward,24,844,Nicolas Deslauriers,Left Wing,Forward,24,628,334
Alex Killorn,Left Wing,Forward,14,1249,Steven Stamkos,Center,Forward,14,1136,335
Tyler Johnson,Center,Forward,14,991,Anthony Cirelli,Center,Forward,14,1449,335
Nic Dowd,Center,Forward,15,623,Brendan Leipsic,Left Wing,Forward,0,566,336
Bo Horvat,Center,Forward,23,1502,Loui Eriksson,Left Wing,Forward,23,641,336
Colin White,Center,Forward,9,991,Brady Tkachuk,Left Wing,Forward,9,1566,337
Kevin Fiala,Left Wing,Forward,30,1063,Eric Staal,Center,Forward,7,1212,338
Jesper Bratt,Left Wing,Forward,1,905,Nico Hischier,Center,Forward,1,1162,339
Mattias Janmark,Center,Forward,16,942,Joe Pavelski,Center,Forward,25,1250,339
Jared McCann,Center,Forward,5,1091,Dominik Kahun,Center,Forward,22,775,339
Joel Farabee,Left Wing,Forward,4,734,Kevin Hayes,Center,Forward,4,1304,339
Wayne Simmonds,Right Wing,Forward,10,1020,Pavel Zacha,Center,Forward,1,1116,341
Ondrej Palat,Left Wing,Forward,14,1169,Anthony Cirelli,Center,Forward,14,1449,341
Filip Chytil,Center,Forward,3,906,Kaapo Kakko,Right Wing,Forward,3,960,341
Kevin Hayes,Center,Forward,4,1304,Travis Konecny,Right Wing,Forward,4,1174,342
Mike Hoffman,Left Wing,Forward,0,1218,Evgenii Dadonov,Right Wing,Forward,9,1211,346
Taylor Hall,Left Wing,Forward,7,1336,Conor Garland,Right Wing,Forward,53,999,347
Kyle Turris,Center,Forward,22,1008,Mikael Granlund,Center,Forward,0,1187,348
Tyler Toffoli,Right Wing,Forward,8,1231,Anze Kopitar,Center,Forward,26,1622,348
Patric Hornqvist,Right Wing,Forward,13,894,Evgeni Malkin,Center,Forward,5,1193,348
Joonas Donskoi,Right Wing,Forward,21,1075,Andre Burakovsky,Left Wing,Forward,21,955,348
Joe Pavelski,Center,Forward,25,1250,Tyler Seguin,Center,Forward,25,1564,348
Alex Chiasson,Right Wing,Forward,22,907,Ryan Nugent-Hopkins,Center,Forward,22,1436,349
Ryan O'Reilly,Center,Forward,19,1681,Brayden Schenn,Center,Forward,19,1411,349
Max Pacioretty,Left Wing,Forward,54,1443,William Karlsson,Center,Forward,54,1309,349
Cal Clutterbuck,Right Wing,Forward,2,526,Casey Cizikas,Center,Forward,2,698,351
Kevin Hayes,Center,Forward,4,1304,Scott Laughton,Center,Forward,4,730,352
Jake Guentzel,Left Wing,Forward,5,885,Bryan Rust,Right Wing,Forward,5,1215,352
Mike Hoffman,Left Wing,Forward,0,1218,Frank Vatrano,Center,Forward,13,1079,353
Brendan Leipsic,Left Wing,Forward,0,566,Garnet Hathaway,Right Wing,Forward,15,729,354
Cam Atkinson,Right Wing,Forward,29,880,Pierre-Luc Dubois,Center,Forward,29,1473,354
Viktor Arvidsson,Right Wing,Forward,18,1005,Calle Jarnkrok,Center,Forward,18,1077,355
Jake DeBrusk,Left Wing,Forward,6,1062,Charlie Coyle,Center,Forward,6,1206,355
Joe Pavelski,Center,Forward,25,1250,Alexander Radulov,Right Wing,Forward,25,1113,356
Jason Zucker,Left Wing,Forward,5,1014,Eric Staal,Center,Forward,7,1212,357
Warren Foegele,Left Wing,Forward,12,944,Andrei Svechnikov,Right Wing,Forward,12,1306,357
Pavel Buchnevich,Right Wing,Forward,3,1288,Artemi Panarin,Left Wing,Forward,3,1568,358
Ondrej Palat,Left Wing,Forward,14,1169,Tyler Johnson,Center,Forward,14,991,358
Jordan Staal,Center,Forward,12,1250,Brock McGinn,Left Wing,Forward,12,898,358
Kaapo Kakko,Right Wing,Forward,3,960,Brett Howden,Center,Forward,3,949,359
Carl Soderberg,Center,Forward,0,1129,Lawson Crouse,Left Wing,Forward,53,896,359
Phil Kessel,Right Wing,Forward,53,1290,Christian Dvorak,Center,Forward,53,1248,360
Ryan Nugent-Hopkins,Center,Forward,22,1436,Kailer Yamamoto,Right Wing,Forward,22,484,361
Adam Gaudette,Center,Forward,23,750,Jake Virtanen,Right Wing,Forward,23,938,362
Lars Eller,Center,Forward,15,1261,Jakub Vrana,Left Wing,Forward,15,1076,364
Valtteri Filppula,Center,Forward,17,1226,Andreas Athanasiou,Left Wing,Forward,0,910,364
Alexander Kerfoot,Center,Forward,10,1010,Kasperi Kapanen,Right Wing,Forward,5,1141,365
Artemi Panarin,Left Wing,Forward,3,1568,Chris Kreider,Left Wing,Forward,3,1093,365
Erik Haula,Left Wing,Forward,0,760,Ryan Dzingel,Center,Forward,12,937,367
Chris Tierney,Center,Forward,9,1320,Anthony Duclair,Left Wing,Forward,0,1154,368
Derek Ryan,Center,Forward,20,1022,Dillon Dube,Center,Forward,20,599,368
Valeri Nichushkin,Right Wing,Forward,21,948,Pierre-Edouard Bellemare,Center,Forward,21,989,370
Matt Martin,Left Wing,Forward,0,584,Casey Cizikas,Center,Forward,2,698,371
Brock Boeser,Right Wing,Forward,23,1149,Bo Horvat,Center,Forward,23,1502,371
Josh Bailey,Right Wing,Forward,2,1202,Anthony Beauvillier,Left Wing,Forward,2,1389,372
Jack Hughes,Center,Forward,1,1150,Wayne Simmonds,Right Wing,Forward,10,1020,372
Joakim Nordstrom,Center,Forward,20,608,Chris Wagner,Right Wing,Forward,6,859,372
Jaden Schwartz,Left Wing,Forward,19,1342,Ryan O'Reilly,Center,Forward,19,1681,372
John Tavares,Center,Forward,10,1420,Zach Hyman,Left Wing,Forward,10,989,375
Nick Schmaltz,Center,Forward,53,1172,Christian Dvorak,Center,Forward,53,1248,377
Luke Kunin,Center,Forward,18,1070,Jordan Greenway,Left Wing,Forward,30,984,378
Antoine Roussel,Left Wing,Forward,23,492,Adam Gaudette,Center,Forward,23,750,380
Brad Richardson,Right Wing,Forward,18,805,Michael Grabner,Left Wing,Forward,0,569,380
Derek Stepan,Center,Forward,53,1370,Lawson Crouse,Left Wing,Forward,53,896,380
Pat Maroon,Left Wing,Forward,14,875,Yanni Gourde,Center,Forward,14,1053,380
Carl Hagelin,Left Wing,Forward,15,833,Richard Panik,Right Wing,Forward,15,671,380
Evgeni Malkin,Center,Forward,5,1193,Jake Guentzel,Left Wing,Forward,5,885,381
Joel Armia,Right Wing,Forward,8,1092,Nick Suzuki,Center,Forward,8,1244,382
Nick Foligno,Left Wing,Forward,29,1401,Pierre-Luc Dubois,Center,Forward,29,1473,382
Andre Burakovsky,Left Wing,Forward,21,955,Nathan MacKinnon,Center,Forward,21,1631,382
Joe Thornton,Center,Forward,10,1206,Timo Meier,Right Wing,Forward,28,1210,383
Jonathan Toews,Center,Forward,16,1540,Alex DeBrincat,Left Wing,Forward,16,1296,384
William Carrier,Left Wing,Forward,54,729,Tomas Nosek,Left Wing,Forward,54,805,385
Nick Paul,Left Wing,Forward,9,866,Connor Brown,Right Wing,Forward,9,1518,386
Steven Stamkos,Center,Forward,14,1136,Anthony Cirelli,Center,Forward,14,1449,386
Alexander Steen,Left Wing,Forward,19,781,Tyler Bozak,Center,Forward,19,1050,387
David Pastrnak,Right Wing,Forward,6,1531,David Krejci,Center,Forward,6,1194,387
Josh Bailey,Right Wing,Forward,2,1202,Mathew Barzal,Center,Forward,2,1473,390
Erik Haula,Left Wing,Forward,0,760,Martin Necas,Center,Forward,12,987,391
Tyson Jost,Center,Forward,21,870,J.T. Compher,Center,Forward,21,1207,392
Auston Matthews,Center,Forward,10,1602,John Tavares,Center,Forward,10,1420,392
Max Domi,Center,Forward,29,1394,Nick Suzuki,Center,Forward,8,1244,393
Joakim Nordstrom,Center,Forward,20,608,Sean Kuraly,Center,Forward,6,959,395
Charlie Coyle,Center,Forward,6,1206,Danton Heinen,Left Wing,Forward,24,986,395
Jason Zucker,Left Wing,Forward,5,1014,Mats Zuccarello,Right Wing,Forward,30,1071,396
Nic Dowd,Center,Forward,15,623,Garnet Hathaway,Right Wing,Forward,15,729,397
Derick Brassard,Center,Forward,0,942,Brock Nelson,Center,Forward,2,1524,397
Jonathan Marchessault,Center,Forward,54,1279,Paul Stastny,Center,Forward,52,1338,400
Carl Soderberg,Center,Forward,0,1129,Nick Schmaltz,Center,Forward,53,1172,401
Sidney Crosby,Center,Forward,5,869,Dominik Simon,Center,Forward,20,922,401
Darren Helm,Left Wing,Forward,17,974,Luke Glendening,Center,Forward,17,948,401
Tomas Hertl,Center,Forward,28,935,Kevin Labanc,Right Wing,Forward,28,1221,402
Mike Hoffman,Left Wing,Forward,0,1218,Jonathan Huberdeau,Left Wing,Forward,13,1401,404
Joe Pavelski,Center,Forward,25,1250,Roope Hintz,Left Wing,Forward,25,953,404
Blake Wheeler,Right Wing,Forward,52,1441,Jack Roslovic,Center,Forward,52,1063,404
Adam Lowry,Center,Forward,52,790,Andrew Copp,Center,Forward,52,1138,411
Vinnie Hinostroza,Right Wing,Forward,13,915,Derek Stepan,Center,Forward,53,1370,412
Nick Schmaltz,Center,Forward,53,1172,Conor Garland,Right Wing,Forward,53,999,413
Marcus Johansson,Center,Forward,30,1130,Jeff Skinner,Left Wing,Forward,7,1003,413
Evander Kane,Left Wing,Forward,28,1367,Tomas Hertl,Center,Forward,28,935,417
Brock Nelson,Center,Forward,2,1524,Josh Bailey,Right Wing,Forward,2,1202,419
Adrian Kempe,Center,Forward,26,1178,Austin Wagner,Left Wing,Forward,26,774,419
Andreas Johnsson,Left Wing,Forward,1,697,William Nylander,Right Wing,Forward,10,1310,420
Artturi Lehkonen,Left Wing,Forward,8,1113,Max Domi,Center,Forward,29,1394,421
Pierre-Luc Dubois,Center,Forward,29,1473,Oliver Bjorkstrand,Right Wing,Forward,29,916,423
Austin Watson,Left Wing,Forward,9,660,Colton Sissons,Center,Forward,18,868,423
Claude Giroux,Center,Forward,4,1389,James van Riemsdyk,Left Wing,Forward,4,1036,426
Zach Parise,Left Wing,Forward,30,1256,Mikko Koivu,Center,Forward,29,856,426
Nino Niederreiter,Right Wing,Forward,12,1059,Sebastian Aho,Center,Forward,12,1509,428
Nazem Kadri,Center,Forward,21,925,Andre Burakovsky,Left Wing,Forward,21,955,429
Luke Kunin,Center,Forward,18,1070,Joel Eriksson Ek,Center,Forward,30,1018,433
Evgeny Kuznetsov,Center,Forward,15,1268,Jakub Vrana,Left Wing,Forward,15,1076,433
Anders Bjork,Left Wing,Forward,6,768,Charlie Coyle,Center,Forward,6,1206,433
James Neal,Left Wing,Forward,22,934,Connor McDavid,Center,Forward,22,1516,434
Ondrej Kase,Right Wing,Forward,6,978,Sam Steel,Center,Forward,24,1150,434
Patrik Laine,Right Wing,Forward,52,1384,Blake Wheeler,Right Wing,Forward,52,1441,434
Kyle Palmieri,Right Wing,Forward,1,1251,Taylor Hall,Left Wing,Forward,7,1336,434
Colin White,Center,Forward,9,991,Tyler Ennis,Center,Forward,22,1045,435
Jay Beagle,Center,Forward,23,707,Tim Schaller,Left Wing,Forward,0,663,436
Gustav Nyquist,Center,Forward,29,1394,Oliver Bjorkstrand,Right Wing,Forward,29,916,439
Clayton Keller,Right Wing,Forward,53,1256,Nick Schmaltz,Center,Forward,53,1172,440
Tyler Bozak,Center,Forward,19,1050,Robert Thomas,Center,Forward,19,978,440
Filip Forsberg,Left Wing,Forward,18,1125,Ryan Johansen,Center,Forward,18,1240,442
Mike Hoffman,Left Wing,Forward,0,1218,Aleksander Barkov,Center,Forward,13,1510,442
Eric Staal,Center,Forward,7,1212,Zach Parise,Left Wing,Forward,30,1256,445
Zach Sanford,Left Wing,Forward,19,831,Ryan O'Reilly,Center,Forward,19,1681,446
Evander Kane,Left Wing,Forward,28,1367,Kevin Labanc,Right Wing,Forward,28,1221,447
Tyler Bertuzzi,Left Wing,Forward,17,1416,Robby Fabbri,Center,Forward,17,1075,448
Austin Wagner,Left Wing,Forward,26,774,Blake Lizotte,Center,Forward,26,938,448
Milan Lucic,Left Wing,Forward,20,952,Dillon Dube,Center,Forward,20,599,448
Marcus Foligno,Left Wing,Forward,30,874,Joel Eriksson Ek,Center,Forward,30,1018,449
Jamie Benn,Left Wing,Forward,25,1219,Alexander Radulov,Right Wing,Forward,25,1113,449
Blake Coleman,Center,Forward,14,1106,Nikita Gusev,Left Wing,Forward,1,1044,451
Mikael Granlund,Center,Forward,0,1187,Filip Forsberg,Left Wing,Forward,18,1125,451
Matt Nieto,Left Wing,Forward,28,1006,Pierre-Edouard Bellemare,Center,Forward,21,989,451
Kirby Dach,Center,Forward,16,953,Alex DeBrincat,Left Wing,Forward,16,1296,455
Leon Draisaitl,Center,Forward,22,1829,Kailer Yamamoto,Right Wing,Forward,22,484,456
Oskar Sundqvist,Center,Forward,19,820,Ivan Barbashev,Center,Forward,19,932,464
Yanni Gourde,Center,Forward,14,1053,Cedric Paquette,Center,Forward,14,887,465
Auston Matthews,Center,Forward,10,1602,Zach Hyman,Left Wing,Forward,10,989,467
Nathan MacKinnon,Center,Forward,21,1631,Joonas Donskoi,Right Wing,Forward,21,1075,468
Anthony Beauvillier,Left Wing,Forward,2,1389,Derick Brassard,Center,Forward,0,942,469
Kyle Okposo,Right Wing,Forward,7,670,Zemgus Girgensons,Center,Forward,7,968,470
Adrian Kempe,Center,Forward,26,1178,Blake Lizotte,Center,Forward,26,938,472
Colton Sceviour,Center,Forward,5,924,Noel Acciari,Center,Forward,13,1115,472
Mikael Backlund,Center,Forward,20,1341,Andrew Mangiapane,Left Wing,Forward,20,968,473
Zach Aston-Reese,Center,Forward,5,847,Brandon Tanev,Left Wing,Forward,5,1095,474
James Neal,Left Wing,Forward,22,934,Ryan Nugent-Hopkins,Center,Forward,22,1436,475
Sean Couturier,Center,Forward,4,1522,Oskar Lindblom,Left Wing,Forward,4,578,475
William Carrier,Left Wing,Forward,54,729,Ryan Reaves,Right Wing,Forward,54,774,476
Rickard Rakell,Left Wing,Forward,24,1316,Adam Henrique,Center,Forward,24,1346,477
Jordan Staal,Center,Forward,12,1250,Andrei Svechnikov,Right Wing,Forward,12,1306,480
Craig Smith,Right Wing,Forward,6,941,Rocco Grimaldi,Right Wing,Forward,18,856,481
Nick Foligno,Left Wing,Forward,29,1401,Boone Jenner,Center,Forward,29,1360,481
Lars Eller,Center,Forward,15,1261,Carl Hagelin,Left Wing,Forward,15,833,482
Matt Duchene,Center,Forward,18,1222,Filip Forsberg,Left Wing,Forward,18,1125,486
Kyle Okposo,Right Wing,Forward,7,670,Johan Larsson,Center,Forward,53,935,487
Nikita Kucherov,Right Wing,Forward,14,1420,Ondrej Palat,Left Wing,Forward,14,1169,489
Joe Thornton,Center,Forward,10,1206,Marcus Sorensen,Left Wing,Forward,28,937,491
Ryan Johansen,Center,Forward,18,1240,Calle Jarnkrok,Center,Forward,18,1077,492
Chris Tierney,Center,Forward,9,1320,Connor Brown,Right Wing,Forward,9,1518,492
Nino Niederreiter,Right Wing,Forward,12,1059,Teuvo Teravainen,Left Wing,Forward,12,1368,497
Travis Zajac,Center,Forward,1,1216,Nikita Gusev,Left Wing,Forward,1,1044,503
Brandon Saad,Left Wing,Forward,21,1094,Jonathan Toews,Center,Forward,16,1540,506
Joel Eriksson Ek,Center,Forward,30,1018,Jordan Greenway,Left Wing,Forward,30,984,508
Matt Calvert,Left Wing,Forward,21,743,Pierre-Edouard Bellemare,Center,Forward,21,989,509
Joel Armia,Right Wing,Forward,8,1092,Max Domi,Center,Forward,29,1394,509
Phil Kessel,Right Wing,Forward,53,1290,Clayton Keller,Right Wing,Forward,53,1256,509
Andrew Cogliano,Center,Forward,25,859,Radek Faksa,Center,Forward,25,1082,513
Pavel Buchnevich,Right Wing,Forward,3,1288,Chris Kreider,Left Wing,Forward,3,1093,514
Connor Brown,Right Wing,Forward,9,1518,Brady Tkachuk,Left Wing,Forward,9,1566,516
Tyler Bertuzzi,Left Wing,Forward,17,1416,Anthony Mantha,Right Wing,Forward,17,881,517
Christian Dvorak,Center,Forward,53,1248,Conor Garland,Right Wing,Forward,53,999,517
Kyle Palmieri,Right Wing,Forward,1,1251,Jack Hughes,Center,Forward,1,1150,519
Steven Stamkos,Center,Forward,14,1136,Brayden Point,Center,Forward,14,1394,521
Ryan Dzingel,Center,Forward,12,937,Martin Necas,Center,Forward,12,987,525
Max Jones,Left Wing,Forward,24,967,Sam Steel,Center,Forward,24,1150,525
Warren Foegele,Left Wing,Forward,12,944,Jordan Staal,Center,Forward,12,1250,526
Tomas Nosek,Left Wing,Forward,54,805,Ryan Reaves,Right Wing,Forward,54,774,527
Joe Thornton,Center,Forward,10,1206,Kevin Labanc,Right Wing,Forward,28,1221,529
Kyle Connor,Left Wing,Forward,52,1618,Blake Wheeler,Right Wing,Forward,52,1441,532
Brady Tkachuk,Left Wing,Forward,9,1566,Anthony Duclair,Left Wing,Forward,0,1154,533
Andrew Cogliano,Center,Forward,25,859,Blake Comeau,Left Wing,Forward,25,866,533
Zach Sanford,Left Wing,Forward,19,831,David Perron,Left Wing,Forward,19,1475,537
Zack Kassian,Right Wing,Forward,22,933,Leon Draisaitl,Center,Forward,22,1829,537
Nikolaj Ehlers,Left Wing,Forward,52,1194,Jack Roslovic,Center,Forward,52,1063,537
Phil Kessel,Right Wing,Forward,53,1290,Derek Stepan,Center,Forward,53,1370,538
Ondrej Palat,Left Wing,Forward,14,1169,Brayden Point,Center,Forward,14,1394,538
T.J. Oshie,Right Wing,Forward,15,1378,Evgeny Kuznetsov,Center,Forward,15,1268,539
Jeff Carter,Center,Forward,26,1091,Tyler Toffoli,Right Wing,Forward,8,1231,541
Taylor Hall,Left Wing,Forward,7,1336,Christian Dvorak,Center,Forward,53,1248,546
Andreas Johnsson,Left Wing,Forward,1,697,Auston Matthews,Center,Forward,10,1602,547
J.T. Miller,Center,Forward,23,1586,Bo Horvat,Center,Forward,23,1502,547
Chris Wagner,Right Wing,Forward,6,859,Sean Kuraly,Center,Forward,6,959,548
Mika Zibanejad,Center,Forward,3,1311,Artemi Panarin,Left Wing,Forward,3,1568,550
Rickard Rakell,Left Wing,Forward,24,1316,Ryan Getzlaf,Center,Forward,24,1440,551
Zach Parise,Left Wing,Forward,30,1256,Kevin Fiala,Left Wing,Forward,30,1063,553
Rocco Grimaldi,Right Wing,Forward,18,856,Nick Bonino,Center,Forward,30,1187,553
Claude Giroux,Center,Forward,4,1389,Travis Konecny,Right Wing,Forward,4,1174,555
Tom Wilson,Right Wing,Forward,15,1389,Evgeny Kuznetsov,Center,Forward,15,1268,557
Derek Stepan,Center,Forward,53,1370,Clayton Keller,Right Wing,Forward,53,1256,557
Nicklas Backstrom,Center,Forward,15,1290,Tom Wilson,Right Wing,Forward,15,1389,558
Jesper Fast,Right Wing,Forward,12,1165,Artemi Panarin,Left Wing,Forward,3,1568,558
Jonathan Toews,Center,Forward,16,1540,Dominik Kubalik,Left Wing,Forward,16,979,561
David Krejci,Center,Forward,6,1194,Jake DeBrusk,Left Wing,Forward,6,1062,564
Sean Couturier,Center,Forward,4,1522,Travis Konecny,Right Wing,Forward,4,1174,566
Riley Sheahan,Center,Forward,0,875,Josh Archibald,Right Wing,Forward,22,853,568
Radek Faksa,Center,Forward,25,1082,Blake Comeau,Left Wing,Forward,25,866,571
Nicolas Deslauriers,Left Wing,Forward,24,628,Carter Rowney,Center,Forward,24,949,572
Milan Lucic,Left Wing,Forward,20,952,Derek Ryan,Center,Forward,20,1022,572
Gustav Nyquist,Center,Forward,29,1394,Boone Jenner,Center,Forward,29,1360,573
Derek Grant,Center,Forward,24,844,Carter Rowney,Center,Forward,24,949,574
Pierre-Luc Dubois,Center,Forward,29,1473,Gustav Nyquist,Center,Forward,29,1394,583
Pat Maroon,Left Wing,Forward,14,875,Cedric Paquette,Center,Forward,14,887,586
Patrick Kane,Right Wing,Forward,16,1646,Dylan Strome,Center,Forward,16,950,586
Zach Hyman,Left Wing,Forward,10,989,Mitchell Marner,Right Wing,Forward,10,1468,587
Teuvo Teravainen,Left Wing,Forward,12,1368,Andrei Svechnikov,Right Wing,Forward,12,1306,588
Nick Bonino,Center,Forward,30,1187,Craig Smith,Right Wing,Forward,6,941,596
Claude Giroux,Center,Forward,4,1389,Jakub Voracek,Right Wing,Forward,4,1300,596
Evander Kane,Left Wing,Forward,28,1367,Logan Couture,Center,Forward,28,1064,609
Alex Ovechkin,Left Wing,Forward,15,1586,Evgeny Kuznetsov,Center,Forward,15,1268,609
Jesper Fast,Right Wing,Forward,12,1165,Ryan Strome,Center,Forward,3,1462,610
Paul Stastny,Center,Forward,52,1338,Mark Stone,Right Wing,Forward,54,1449,618
Ryan Johansen,Center,Forward,18,1240,Viktor Arvidsson,Right Wing,Forward,18,1005,619
Brett Connolly,Right Wing,Forward,13,1035,Vincent Trocheck,Center,Forward,12,1107,620
Gabriel Landeskog,Left Wing,Forward,21,1188,Mikko Rantanen,Right Wing,Forward,21,875,623
Teddy Blueger,Center,Forward,5,1208,Zach Aston-Reese,Center,Forward,5,847,624
Jonathan Toews,Center,Forward,16,1540,Patrick Kane,Right Wing,Forward,16,1646,624
Dylan Strome,Center,Forward,16,950,Alex DeBrincat,Left Wing,Forward,16,1296,626
Alex Ovechkin,Left Wing,Forward,15,1586,T.J. Oshie,Right Wing,Forward,15,1378,627
John Tavares,Center,Forward,10,1420,Mitchell Marner,Right Wing,Forward,10,1468,627
Claude Giroux,Center,Forward,4,1389,Sean Couturier,Center,Forward,4,1522,628
Elias Lindholm,Center,Forward,20,1531,Matthew Tkachuk,Left Wing,Forward,20,1429,634
Alexander Radulov,Right Wing,Forward,25,1113,Tyler Seguin,Center,Forward,25,1564,635
Adam Henrique,Center,Forward,24,1346,Jakob Silfverberg,Right Wing,Forward,24,1315,635
Blake Wheeler,Right Wing,Forward,52,1441,Nikolaj Ehlers,Left Wing,Forward,52,1194,636
Mika Zibanejad,Center,Forward,3,1311,Pavel Buchnevich,Right Wing,Forward,3,1288,636
Matt Duchene,Center,Forward,18,1222,Mikael Granlund,Center,Forward,0,1187,636
William Nylander,Right Wing,Forward,10,1310,John Tavares,Center,Forward,10,1420,640
Jean-Gabriel Pageau,Center,Forward,2,1467,Brady Tkachuk,Left Wing,Forward,9,1566,642
Mika Zibanejad,Center,Forward,3,1311,Chris Kreider,Left Wing,Forward,3,1093,644
Mikael Backlund,Center,Forward,20,1341,Matthew Tkachuk,Left Wing,Forward,20,1429,644
Johan Larsson,Center,Forward,53,935,Zemgus Girgensons,Center,Forward,7,968,650
Max Pacioretty,Left Wing,Forward,54,1443,Paul Stastny,Center,Forward,52,1338,651
Dylan Larkin,Center,Forward,17,1655,Robby Fabbri,Center,Forward,17,1075,653
Steven Stamkos,Center,Forward,14,1136,Nikita Kucherov,Right Wing,Forward,14,1420,656
Andrew Mangiapane,Left Wing,Forward,20,968,Matthew Tkachuk,Left Wing,Forward,20,1429,659
William Karlsson,Center,Forward,54,1309,Jonathan Marchessault,Center,Forward,54,1279,663
Patrick Kane,Right Wing,Forward,16,1646,Alex DeBrincat,Left Wing,Forward,16,1296,681
T.J. Oshie,Right Wing,Forward,15,1378,Jakub Vrana,Left Wing,Forward,15,1076,684
Nicklas Backstrom,Center,Forward,15,1290,T.J. Oshie,Right Wing,Forward,15,1378,687
Anthony Mantha,Right Wing,Forward,17,881,Dylan Larkin,Center,Forward,17,1655,688
Eric Staal,Center,Forward,7,1212,Mats Zuccarello,Right Wing,Forward,30,1071,688
Jean-Gabriel Pageau,Center,Forward,2,1467,Connor Brown,Right Wing,Forward,9,1518,695
Sebastian Aho,Center,Forward,12,1509,Andrei Svechnikov,Right Wing,Forward,12,1306,697
Jakob Silfverberg,Right Wing,Forward,24,1315,Rickard Rakell,Left Wing,Forward,24,1316,700
Connor McDavid,Center,Forward,22,1516,Zack Kassian,Right Wing,Forward,22,933,705
Sean Couturier,Center,Forward,4,1522,Jakub Voracek,Right Wing,Forward,4,1300,711
Jordan Eberle,Right Wing,Forward,2,1085,Mathew Barzal,Center,Forward,2,1473,723
Tomas Tatar,Left Wing,Forward,8,1213,Brendan Gallagher,Right Wing,Forward,8,999,729
Nathan MacKinnon,Center,Forward,21,1631,Mikko Rantanen,Right Wing,Forward,21,875,732
Tanner Pearson,Left Wing,Forward,23,1154,Bo Horvat,Center,Forward,23,1502,738
Kyle Palmieri,Right Wing,Forward,1,1251,Nico Hischier,Center,Forward,1,1162,738
Blake Wheeler,Right Wing,Forward,52,1441,Mark Scheifele,Center,Forward,52,1671,746
Elias Lindholm,Center,Forward,20,1531,Sean Monahan,Center,Forward,20,1364,766
J.T. Miller,Center,Forward,23,1586,Brock Boeser,Right Wing,Forward,23,1149,767
Alex Killorn,Left Wing,Forward,14,1249,Anthony Cirelli,Center,Forward,14,1449,773
William Nylander,Right Wing,Forward,10,1310,Auston Matthews,Center,Forward,10,1602,797
Brendan Gallagher,Right Wing,Forward,8,999,Phillip Danault,Center,Forward,8,1410,802
Travis Zajac,Center,Forward,1,1216,Blake Coleman,Center,Forward,14,1106,809
Ryan Nugent-Hopkins,Center,Forward,22,1436,Leon Draisaitl,Center,Forward,22,1829,810
Alex Ovechkin,Left Wing,Forward,15,1586,Tom Wilson,Right Wing,Forward,15,1389,841
Johnny Gaudreau,Left Wing,Forward,20,1391,Elias Lindholm,Center,Forward,20,1531,864
Brock Boeser,Right Wing,Forward,23,1149,Elias Pettersson,Center,Forward,23,1418,866
Reilly Smith,Right Wing,Forward,54,1319,Jonathan Marchessault,Center,Forward,54,1279,868
Jordan Eberle,Right Wing,Forward,2,1085,Anders Lee,Left Wing,Forward,2,1373,868
Dustin Brown,Right Wing,Forward,26,1311,Alex Iafallo,Left Wing,Forward,26,1398,872
Tomas Tatar,Left Wing,Forward,8,1213,Phillip Danault,Center,Forward,8,1410,878
Teddy Blueger,Center,Forward,5,1208,Brandon Tanev,Left Wing,Forward,5,1095,880
Reilly Smith,Right Wing,Forward,54,1319,William Karlsson,Center,Forward,54,1309,884
Sam Reinhart,Center,Forward,7,1544,Victor Olofsson,Left Wing,Forward,7,1082,885
Auston Matthews,Center,Forward,10,1602,Mitchell Marner,Right Wing,Forward,10,1468,897
Jamie Benn,Left Wing,Forward,25,1219,Tyler Seguin,Center,Forward,25,1564,902
Evgenii Dadonov,Right Wing,Forward,9,1211,Aleksander Barkov,Center,Forward,13,1510,919
Evgeni Malkin,Center,Forward,5,1193,Bryan Rust,Right Wing,Forward,5,1215,924
Victor Olofsson,Left Wing,Forward,7,1082,Jack Eichel,Center,Forward,7,1724,929
Gabriel Landeskog,Left Wing,Forward,21,1188,Nathan MacKinnon,Center,Forward,21,1631,945
Evgenii Dadonov,Right Wing,Forward,9,1211,Jonathan Huberdeau,Left Wing,Forward,13,1401,949
Connor McDavid,Center,Forward,22,1516,Leon Draisaitl,Center,Forward,22,1829,984
Artemi Panarin,Left Wing,Forward,3,1568,Ryan Strome,Center,Forward,3,1462,991
Dustin Brown,Right Wing,Forward,26,1311,Anze Kopitar,Center,Forward,26,1622,1003
Patrice Bergeron,Center,Forward,6,1294,David Pastrnak,Right Wing,Forward,6,1531,1010
Alex Ovechkin,Left Wing,Forward,15,1586,Nicklas Backstrom,Center,Forward,15,1290,1012
Mark Scheifele,Center,Forward,52,1671,Patrik Laine,Right Wing,Forward,52,1384,1022
Patrik Laine,Right Wing,Forward,52,1384,Kyle Connor,Left Wing,Forward,52,1618,1025
Brock Nelson,Center,Forward,2,1524,Anthony Beauvillier,Left Wing,Forward,2,1389,1035
Teuvo Teravainen,Left Wing,Forward,12,1368,Sebastian Aho,Center,Forward,12,1509,1050
Max Pacioretty,Left Wing,Forward,54,1443,Mark Stone,Right Wing,Forward,54,1449,1070
Anders Lee,Left Wing,Forward,2,1373,Mathew Barzal,Center,Forward,2,1473,1079
Nikita Kucherov,Right Wing,Forward,14,1420,Brayden Point,Center,Forward,14,1394,1083
Johnny Gaudreau,Left Wing,Forward,20,1391,Sean Monahan,Center,Forward,20,1364,1135
J.T. Miller,Center,Forward,23,1586,Elias Pettersson,Center,Forward,23,1418,1164
Jonathan Huberdeau,Left Wing,Forward,13,1401,Aleksander Barkov,Center,Forward,13,1510,1167
Mark Scheifele,Center,Forward,52,1671,Kyle Connor,Left Wing,Forward,52,1618,1168
Brad Marchand,Left Wing,Forward,6,1562,David Pastrnak,Right Wing,Forward,6,1531,1169
Tyler Bertuzzi,Left Wing,Forward,17,1416,Dylan Larkin,Center,Forward,17,1655,1170
Brayden Schenn,Center,Forward,19,1411,Jaden Schwartz,Left Wing,Forward,19,1342,1192
David Perron,Left Wing,Forward,19,1475,Ryan O'Reilly,Center,Forward,19,1681,1195
Patrice Bergeron,Center,Forward,6,1294,Brad Marchand,Left Wing,Forward,6,1562,1206
Anze Kopitar,Center,Forward,26,1622,Alex Iafallo,Left Wing,Forward,26,1398,1226
Sam Reinhart,Center,Forward,7,1544,Jack Eichel,Center,Forward,7,1724,1431
